[0.000000] (-) TimerEvent: {}
[0.000252] (mi_primer_paquete) JobQueued: {'identifier': 'mi_primer_paquete', 'dependencies': OrderedDict()}
[0.000299] (micro_ros_msgs) JobQueued: {'identifier': 'micro_ros_msgs', 'dependencies': OrderedDict()}
[0.000363] (micro_ros_agent) JobQueued: {'identifier': 'micro_ros_agent', 'dependencies': OrderedDict({'micro_ros_msgs': '/home/robotics/pruebaservicio/ros2_ws/install/micro_ros_msgs'})}
[0.000605] (micro_ros_msgs) JobStarted: {'identifier': 'micro_ros_msgs'}
[0.005276] (mi_primer_paquete) JobStarted: {'identifier': 'mi_primer_paquete'}
[0.009506] (micro_ros_msgs) JobProgress: {'identifier': 'micro_ros_msgs', 'progress': 'cmake'}
[0.009859] (micro_ros_msgs) Command: {'cmd': ['/usr/bin/cmake', '/home/robotics/pruebaservicio/ros2_ws/src/micro_ros_msgs', '-DCMAKE_INSTALL_PREFIX=/home/robotics/pruebaservicio/ros2_ws/install/micro_ros_msgs'], 'cwd': '/home/robotics/pruebaservicio/ros2_ws/build/micro_ros_msgs', 'env': OrderedDict({'LESSOPEN': '| /usr/bin/lesspipe %s', 'USER': 'robotics', 'GZ_CONFIG_PATH': '/opt/ros/jazzy/opt/sdformat_vendor/share/gz', 'XDG_SESSION_TYPE': 'wayland', 'CLUTTER_DISABLE_MIPMAPPED_TEXT': '1', 'SHLVL': '1', 'LD_LIBRARY_PATH': '/home/robotics/pruebaservicio/ros2_ws/install/micro_ros_agent/lib:/opt/ros/jazzy/opt/sdformat_vendor/lib:/opt/ros/jazzy/opt/rviz_ogre_vendor/lib:/opt/ros/jazzy/lib/x86_64-linux-gnu:/opt/ros/jazzy/opt/gz_math_vendor/lib:/opt/ros/jazzy/opt/gz_utils_vendor/lib:/opt/ros/jazzy/opt/gz_tools_vendor/lib:/opt/ros/jazzy/opt/gz_cmake_vendor/lib:/opt/ros/jazzy/lib', 'HOME': '/home/robotics', 'OLDPWD': '/home/robotics/pruebaservicio/ros2_ws/src', 'DESKTOP_SESSION': 'ubuntu', 'ROS_PYTHON_VERSION': '3', 'GNOME_SHELL_SESSION_MODE': 'ubuntu', 'GTK_MODULES': 'gail:atk-bridge', 'SYSTEMD_EXEC_PID': '2690', 'GSM_SKIP_SSH_AGENT_WORKAROUND': 'true', 'DBUS_SESSION_BUS_ADDRESS': 'unix:path=/run/user/1000/bus', 'COLORTERM': 'truecolor', 'DEBUGINFOD_URLS': 'https://debuginfod.ubuntu.com', 'IM_CONFIG_PHASE': '1', 'WAYLAND_DISPLAY': 'wayland-0', 'COLCON_PREFIX_PATH': '/home/robotics/pruebaservicio/ros2_ws/install', 'ROS_DISTRO': 'jazzy', 'LOGNAME': 'robotics', '_': '/usr/bin/colcon', 'ROS_VERSION': '2', 'MEMORY_PRESSURE_WATCH': '/sys/fs/cgroup/user.slice/user-1000.slice/user@1000.service/session.slice/org.gnome.Shell@wayland.service/memory.pressure', 'XDG_SESSION_CLASS': 'user', 'USERNAME': 'robotics', 'TERM': 'xterm-256color', 'GNOME_DESKTOP_SESSION_ID': 'this-is-deprecated', 'PATH': '/opt/ros/jazzy/opt/gz_tools_vendor/bin:/opt/ros/jazzy/bin:/usr/local/sbin:/usr/local/bin:/usr/sbin:/usr/bin:/sbin:/bin:/usr/games:/usr/local/games:/snap/bin:/snap/bin', 'SESSION_MANAGER': 'local/stratokiller:@/tmp/.ICE-unix/2620,unix/stratokiller:/tmp/.ICE-unix/2620', 'XDG_MENU_PREFIX': 'gnome-', 'GNOME_TERMINAL_SCREEN': '/org/gnome/Terminal/screen/7a730293_0a36_4447_be06_b0fc7c948de4', 'GNOME_SETUP_DISPLAY': ':1', 'XDG_RUNTIME_DIR': '/run/user/1000', 'DISPLAY': ':0', 'LANG': 'en_US.UTF-8', 'XDG_CURRENT_DESKTOP': 'ubuntu:GNOME', 'XMODIFIERS': '@im=ibus', 'XDG_SESSION_DESKTOP': 'ubuntu', 'XAUTHORITY': '/run/user/1000/.mutter-Xwaylandauth.DR0FW3', 'LS_COLORS': 'rs=0:di=01;34:ln=01;36:mh=00:pi=40;33:so=01;35:do=01;35:bd=40;33;01:cd=40;33;01:or=40;31;01:mi=00:su=37;41:sg=30;43:ca=00:tw=30;42:ow=34;42:st=37;44:ex=01;32:*.tar=01;31:*.tgz=01;31:*.arc=01;31:*.arj=01;31:*.taz=01;31:*.lha=01;31:*.lz4=01;31:*.lzh=01;31:*.lzma=01;31:*.tlz=01;31:*.txz=01;31:*.tzo=01;31:*.t7z=01;31:*.zip=01;31:*.z=01;31:*.dz=01;31:*.gz=01;31:*.lrz=01;31:*.lz=01;31:*.lzo=01;31:*.xz=01;31:*.zst=01;31:*.tzst=01;31:*.bz2=01;31:*.bz=01;31:*.tbz=01;31:*.tbz2=01;31:*.tz=01;31:*.deb=01;31:*.rpm=01;31:*.jar=01;31:*.war=01;31:*.ear=01;31:*.sar=01;31:*.rar=01;31:*.alz=01;31:*.ace=01;31:*.zoo=01;31:*.cpio=01;31:*.7z=01;31:*.rz=01;31:*.cab=01;31:*.wim=01;31:*.swm=01;31:*.dwm=01;31:*.esd=01;31:*.avif=01;35:*.jpg=01;35:*.jpeg=01;35:*.mjpg=01;35:*.mjpeg=01;35:*.gif=01;35:*.bmp=01;35:*.pbm=01;35:*.pgm=01;35:*.ppm=01;35:*.tga=01;35:*.xbm=01;35:*.xpm=01;35:*.tif=01;35:*.tiff=01;35:*.png=01;35:*.svg=01;35:*.svgz=01;35:*.mng=01;35:*.pcx=01;35:*.mov=01;35:*.mpg=01;35:*.mpeg=01;35:*.m2v=01;35:*.mkv=01;35:*.webm=01;35:*.webp=01;35:*.ogm=01;35:*.mp4=01;35:*.m4v=01;35:*.mp4v=01;35:*.vob=01;35:*.qt=01;35:*.nuv=01;35:*.wmv=01;35:*.asf=01;35:*.rm=01;35:*.rmvb=01;35:*.flc=01;35:*.avi=01;35:*.fli=01;35:*.flv=01;35:*.gl=01;35:*.dl=01;35:*.xcf=01;35:*.xwd=01;35:*.yuv=01;35:*.cgm=01;35:*.emf=01;35:*.ogv=01;35:*.ogx=01;35:*.aac=00;36:*.au=00;36:*.flac=00;36:*.m4a=00;36:*.mid=00;36:*.midi=00;36:*.mka=00;36:*.mp3=00;36:*.mpc=00;36:*.ogg=00;36:*.ra=00;36:*.wav=00;36:*.oga=00;36:*.opus=00;36:*.spx=00;36:*.xspf=00;36:*~=00;90:*#=00;90:*.bak=00;90:*.crdownload=00;90:*.dpkg-dist=00;90:*.dpkg-new=00;90:*.dpkg-old=00;90:*.dpkg-tmp=00;90:*.old=00;90:*.orig=00;90:*.part=00;90:*.rej=00;90:*.rpmnew=00;90:*.rpmorig=00;90:*.rpmsave=00;90:*.swp=00;90:*.tmp=00;90:*.ucf-dist=00;90:*.ucf-new=00;90:*.ucf-old=00;90:', 'GNOME_TERMINAL_SERVICE': ':1.124', 'SSH_AUTH_SOCK': '/run/user/1000/keyring/ssh', 'AMENT_PREFIX_PATH': '/home/robotics/pruebaservicio/ros2_ws/install/micro_ros_agent:/home/robotics/pruebaservicio/ros2_ws/install/mi_primer_paquete:/opt/ros/jazzy', 'SHELL': '/bin/bash', 'QT_ACCESSIBILITY': '1', 'GDMSESSION': 'ubuntu', 'LESSCLOSE': '/usr/bin/lesspipe %s %s', 'ROS_AUTOMATIC_DISCOVERY_RANGE': 'SUBNET', 'QT_IM_MODULE': 'ibus', 'PWD': '/home/robotics/pruebaservicio/ros2_ws/build/micro_ros_msgs', 'LC_ALL': 'en_US.UTF-8', 'XDG_CONFIG_DIRS': '/etc/xdg/xdg-ubuntu:/etc/xdg', 'XDG_DATA_DIRS': '/usr/share/ubuntu:/usr/share/gnome:/usr/local/share/:/usr/share/:/var/lib/snapd/desktop', 'PYTHONPATH': '/home/robotics/pruebaservicio/ros2_ws/install/mi_primer_paquete/lib/python3.12/site-packages:/opt/ros/jazzy/lib/python3.12/site-packages', 'COLCON': '1', 'MEMORY_PRESSURE_WRITE': 'c29tZSAyMDAwMDAgMjAwMDAwMAA=', 'VTE_VERSION': '7600', 'CMAKE_PREFIX_PATH': '/home/robotics/pruebaservicio/ros2_ws/install/micro_ros_agent:/opt/ros/jazzy/opt/sdformat_vendor:/opt/ros/jazzy/opt/gz_math_vendor:/opt/ros/jazzy/opt/gz_utils_vendor:/opt/ros/jazzy/opt/gz_tools_vendor:/opt/ros/jazzy/opt/gz_cmake_vendor:/home/robotics/pruebaservicio/ros2_ws/install/mi_primer_paquete:/opt/ros/jazzy'}), 'shell': False}
[0.051665] (micro_ros_msgs) StdoutLine: {'line': b'-- The C compiler identification is GNU 13.3.0\n'}
[0.095517] (micro_ros_msgs) StdoutLine: {'line': b'-- The CXX compiler identification is GNU 13.3.0\n'}
[0.100022] (-) TimerEvent: {}
[0.107550] (micro_ros_msgs) StdoutLine: {'line': b'-- Detecting C compiler ABI info\n'}
[0.170795] (micro_ros_msgs) StdoutLine: {'line': b'-- Detecting C compiler ABI info - done\n'}
[0.178550] (micro_ros_msgs) StdoutLine: {'line': b'-- Check for working C compiler: /usr/bin/cc - skipped\n'}
[0.178755] (micro_ros_msgs) StdoutLine: {'line': b'-- Detecting C compile features\n'}
[0.179077] (micro_ros_msgs) StdoutLine: {'line': b'-- Detecting C compile features - done\n'}
[0.185704] (micro_ros_msgs) StdoutLine: {'line': b'-- Detecting CXX compiler ABI info\n'}
[0.200130] (-) TimerEvent: {}
[0.259027] (micro_ros_msgs) StdoutLine: {'line': b'-- Detecting CXX compiler ABI info - done\n'}
[0.266979] (micro_ros_msgs) StdoutLine: {'line': b'-- Check for working CXX compiler: /usr/bin/c++ - skipped\n'}
[0.267197] (micro_ros_msgs) StdoutLine: {'line': b'-- Detecting CXX compile features\n'}
[0.267588] (micro_ros_msgs) StdoutLine: {'line': b'-- Detecting CXX compile features - done\n'}
[0.269686] (micro_ros_msgs) StdoutLine: {'line': b'-- Found ament_cmake: 2.5.5 (/opt/ros/jazzy/share/ament_cmake/cmake)\n'}
[0.300242] (-) TimerEvent: {}
[0.384373] (micro_ros_msgs) StdoutLine: {'line': b'-- Found Python3: /usr/bin/python3 (found version "3.12.3") found components: Interpreter \n'}
[0.400349] (-) TimerEvent: {}
[0.472674] (micro_ros_msgs) StdoutLine: {'line': b'-- Found rosidl_default_generators: 1.6.0 (/opt/ros/jazzy/share/rosidl_default_generators/cmake)\n'}
[0.481504] (micro_ros_msgs) StdoutLine: {'line': b'-- Using all available rosidl_typesupport_c: rosidl_typesupport_fastrtps_c;rosidl_typesupport_introspection_c\n'}
[0.500445] (-) TimerEvent: {}
[0.524812] (micro_ros_msgs) StdoutLine: {'line': b'-- Using all available rosidl_typesupport_cpp: rosidl_typesupport_fastrtps_cpp;rosidl_typesupport_introspection_cpp\n'}
[0.566051] (micro_ros_msgs) StdoutLine: {'line': b'-- Found rosidl_adapter: 4.6.7 (/opt/ros/jazzy/share/rosidl_adapter/cmake)\n'}
[0.568938] (micro_ros_msgs) StdoutLine: {'line': b'-- Found ament_lint_auto: 0.17.4 (/opt/ros/jazzy/share/ament_lint_auto/cmake)\n'}
[0.600550] (-) TimerEvent: {}
[0.755554] (-) TimerEvent: {}
[0.855768] (-) TimerEvent: {}
[0.862729] (mi_primer_paquete) Command: {'cmd': ['/usr/bin/python3', '-W', 'ignore:setup.py install is deprecated', '-W', 'ignore:easy_install command is deprecated', 'setup.py', 'egg_info', '--egg-base', '../../build/mi_primer_paquete', 'build', '--build-base', '/home/robotics/pruebaservicio/ros2_ws/build/mi_primer_paquete/build', 'install', '--record', '/home/robotics/pruebaservicio/ros2_ws/build/mi_primer_paquete/install.log', '--single-version-externally-managed', 'install_data'], 'cwd': '/home/robotics/pruebaservicio/ros2_ws/src/mi_primer_paquete', 'env': {'LESSOPEN': '| /usr/bin/lesspipe %s', 'USER': 'robotics', 'GZ_CONFIG_PATH': '/opt/ros/jazzy/opt/sdformat_vendor/share/gz', 'XDG_SESSION_TYPE': 'wayland', 'CLUTTER_DISABLE_MIPMAPPED_TEXT': '1', 'SHLVL': '1', 'LD_LIBRARY_PATH': '/home/robotics/pruebaservicio/ros2_ws/install/micro_ros_agent/lib:/opt/ros/jazzy/opt/sdformat_vendor/lib:/opt/ros/jazzy/opt/rviz_ogre_vendor/lib:/opt/ros/jazzy/lib/x86_64-linux-gnu:/opt/ros/jazzy/opt/gz_math_vendor/lib:/opt/ros/jazzy/opt/gz_utils_vendor/lib:/opt/ros/jazzy/opt/gz_tools_vendor/lib:/opt/ros/jazzy/opt/gz_cmake_vendor/lib:/opt/ros/jazzy/lib', 'HOME': '/home/robotics', 'OLDPWD': '/home/robotics/pruebaservicio/ros2_ws/src', 'DESKTOP_SESSION': 'ubuntu', 'ROS_PYTHON_VERSION': '3', 'GNOME_SHELL_SESSION_MODE': 'ubuntu', 'GTK_MODULES': 'gail:atk-bridge', 'SYSTEMD_EXEC_PID': '2690', 'GSM_SKIP_SSH_AGENT_WORKAROUND': 'true', 'DBUS_SESSION_BUS_ADDRESS': 'unix:path=/run/user/1000/bus', 'COLORTERM': 'truecolor', 'DEBUGINFOD_URLS': 'https://debuginfod.ubuntu.com', 'IM_CONFIG_PHASE': '1', 'WAYLAND_DISPLAY': 'wayland-0', 'COLCON_PREFIX_PATH': '/home/robotics/pruebaservicio/ros2_ws/install', 'ROS_DISTRO': 'jazzy', 'LOGNAME': 'robotics', '_': '/usr/bin/colcon', 'ROS_VERSION': '2', 'MEMORY_PRESSURE_WATCH': '/sys/fs/cgroup/user.slice/user-1000.slice/user@1000.service/session.slice/org.gnome.Shell@wayland.service/memory.pressure', 'XDG_SESSION_CLASS': 'user', 'USERNAME': 'robotics', 'TERM': 'xterm-256color', 'GNOME_DESKTOP_SESSION_ID': 'this-is-deprecated', 'PATH': '/opt/ros/jazzy/opt/gz_tools_vendor/bin:/opt/ros/jazzy/bin:/usr/local/sbin:/usr/local/bin:/usr/sbin:/usr/bin:/sbin:/bin:/usr/games:/usr/local/games:/snap/bin:/snap/bin', 'SESSION_MANAGER': 'local/stratokiller:@/tmp/.ICE-unix/2620,unix/stratokiller:/tmp/.ICE-unix/2620', 'XDG_MENU_PREFIX': 'gnome-', 'GNOME_TERMINAL_SCREEN': '/org/gnome/Terminal/screen/7a730293_0a36_4447_be06_b0fc7c948de4', 'GNOME_SETUP_DISPLAY': ':1', 'XDG_RUNTIME_DIR': '/run/user/1000', 'DISPLAY': ':0', 'LANG': 'en_US.UTF-8', 'XDG_CURRENT_DESKTOP': 'ubuntu:GNOME', 'XMODIFIERS': '@im=ibus', 'XDG_SESSION_DESKTOP': 'ubuntu', 'XAUTHORITY': '/run/user/1000/.mutter-Xwaylandauth.DR0FW3', 'LS_COLORS': 'rs=0:di=01;34:ln=01;36:mh=00:pi=40;33:so=01;35:do=01;35:bd=40;33;01:cd=40;33;01:or=40;31;01:mi=00:su=37;41:sg=30;43:ca=00:tw=30;42:ow=34;42:st=37;44:ex=01;32:*.tar=01;31:*.tgz=01;31:*.arc=01;31:*.arj=01;31:*.taz=01;31:*.lha=01;31:*.lz4=01;31:*.lzh=01;31:*.lzma=01;31:*.tlz=01;31:*.txz=01;31:*.tzo=01;31:*.t7z=01;31:*.zip=01;31:*.z=01;31:*.dz=01;31:*.gz=01;31:*.lrz=01;31:*.lz=01;31:*.lzo=01;31:*.xz=01;31:*.zst=01;31:*.tzst=01;31:*.bz2=01;31:*.bz=01;31:*.tbz=01;31:*.tbz2=01;31:*.tz=01;31:*.deb=01;31:*.rpm=01;31:*.jar=01;31:*.war=01;31:*.ear=01;31:*.sar=01;31:*.rar=01;31:*.alz=01;31:*.ace=01;31:*.zoo=01;31:*.cpio=01;31:*.7z=01;31:*.rz=01;31:*.cab=01;31:*.wim=01;31:*.swm=01;31:*.dwm=01;31:*.esd=01;31:*.avif=01;35:*.jpg=01;35:*.jpeg=01;35:*.mjpg=01;35:*.mjpeg=01;35:*.gif=01;35:*.bmp=01;35:*.pbm=01;35:*.pgm=01;35:*.ppm=01;35:*.tga=01;35:*.xbm=01;35:*.xpm=01;35:*.tif=01;35:*.tiff=01;35:*.png=01;35:*.svg=01;35:*.svgz=01;35:*.mng=01;35:*.pcx=01;35:*.mov=01;35:*.mpg=01;35:*.mpeg=01;35:*.m2v=01;35:*.mkv=01;35:*.webm=01;35:*.webp=01;35:*.ogm=01;35:*.mp4=01;35:*.m4v=01;35:*.mp4v=01;35:*.vob=01;35:*.qt=01;35:*.nuv=01;35:*.wmv=01;35:*.asf=01;35:*.rm=01;35:*.rmvb=01;35:*.flc=01;35:*.avi=01;35:*.fli=01;35:*.flv=01;35:*.gl=01;35:*.dl=01;35:*.xcf=01;35:*.xwd=01;35:*.yuv=01;35:*.cgm=01;35:*.emf=01;35:*.ogv=01;35:*.ogx=01;35:*.aac=00;36:*.au=00;36:*.flac=00;36:*.m4a=00;36:*.mid=00;36:*.midi=00;36:*.mka=00;36:*.mp3=00;36:*.mpc=00;36:*.ogg=00;36:*.ra=00;36:*.wav=00;36:*.oga=00;36:*.opus=00;36:*.spx=00;36:*.xspf=00;36:*~=00;90:*#=00;90:*.bak=00;90:*.crdownload=00;90:*.dpkg-dist=00;90:*.dpkg-new=00;90:*.dpkg-old=00;90:*.dpkg-tmp=00;90:*.old=00;90:*.orig=00;90:*.part=00;90:*.rej=00;90:*.rpmnew=00;90:*.rpmorig=00;90:*.rpmsave=00;90:*.swp=00;90:*.tmp=00;90:*.ucf-dist=00;90:*.ucf-new=00;90:*.ucf-old=00;90:', 'GNOME_TERMINAL_SERVICE': ':1.124', 'SSH_AUTH_SOCK': '/run/user/1000/keyring/ssh', 'AMENT_PREFIX_PATH': '/home/robotics/pruebaservicio/ros2_ws/install/micro_ros_agent:/home/robotics/pruebaservicio/ros2_ws/install/mi_primer_paquete:/opt/ros/jazzy', 'SHELL': '/bin/bash', 'QT_ACCESSIBILITY': '1', 'GDMSESSION': 'ubuntu', 'LESSCLOSE': '/usr/bin/lesspipe %s %s', 'ROS_AUTOMATIC_DISCOVERY_RANGE': 'SUBNET', 'QT_IM_MODULE': 'ibus', 'PWD': '/home/robotics/pruebaservicio/ros2_ws/build/mi_primer_paquete', 'LC_ALL': 'en_US.UTF-8', 'XDG_CONFIG_DIRS': '/etc/xdg/xdg-ubuntu:/etc/xdg', 'XDG_DATA_DIRS': '/usr/share/ubuntu:/usr/share/gnome:/usr/local/share/:/usr/share/:/var/lib/snapd/desktop', 'PYTHONPATH': '/home/robotics/pruebaservicio/ros2_ws/build/mi_primer_paquete/prefix_override:/usr/lib/python3/dist-packages/colcon_core/task/python/colcon_distutils_commands:/home/robotics/pruebaservicio/ros2_ws/install/mi_primer_paquete/lib/python3.12/site-packages:/home/robotics/pruebaservicio/ros2_ws/install/mi_primer_paquete/lib/python3.12/site-packages:/opt/ros/jazzy/lib/python3.12/site-packages', 'COLCON': '1', 'MEMORY_PRESSURE_WRITE': 'c29tZSAyMDAwMDAgMjAwMDAwMAA=', 'VTE_VERSION': '7600', 'CMAKE_PREFIX_PATH': '/home/robotics/pruebaservicio/ros2_ws/install/micro_ros_agent:/opt/ros/jazzy/opt/sdformat_vendor:/opt/ros/jazzy/opt/gz_math_vendor:/opt/ros/jazzy/opt/gz_utils_vendor:/opt/ros/jazzy/opt/gz_tools_vendor:/opt/ros/jazzy/opt/gz_cmake_vendor'}, 'shell': False}
[0.955874] (-) TimerEvent: {}
[1.056077] (-) TimerEvent: {}
[1.154216] (mi_primer_paquete) StdoutLine: {'line': b'running egg_info\n'}
[1.156172] (-) TimerEvent: {}
[1.179444] (mi_primer_paquete) StdoutLine: {'line': b'writing ../../build/mi_primer_paquete/mi_primer_paquete.egg-info/PKG-INFO\n'}
[1.204931] (mi_primer_paquete) StdoutLine: {'line': b'writing dependency_links to ../../build/mi_primer_paquete/mi_primer_paquete.egg-info/dependency_links.txt\n'}
[1.205249] (mi_primer_paquete) StdoutLine: {'line': b'writing entry points to ../../build/mi_primer_paquete/mi_primer_paquete.egg-info/entry_points.txt\n'}
[1.205382] (mi_primer_paquete) StdoutLine: {'line': b'writing requirements to ../../build/mi_primer_paquete/mi_primer_paquete.egg-info/requires.txt\n'}
[1.205537] (mi_primer_paquete) StdoutLine: {'line': b'writing top-level names to ../../build/mi_primer_paquete/mi_primer_paquete.egg-info/top_level.txt\n'}
[1.256280] (-) TimerEvent: {}
[1.258390] (mi_primer_paquete) StdoutLine: {'line': b"reading manifest file '../../build/mi_primer_paquete/mi_primer_paquete.egg-info/SOURCES.txt'\n"}
[1.259183] (mi_primer_paquete) StdoutLine: {'line': b"writing manifest file '../../build/mi_primer_paquete/mi_primer_paquete.egg-info/SOURCES.txt'\n"}
[1.297787] (mi_primer_paquete) StdoutLine: {'line': b'running build\n'}
[1.297922] (mi_primer_paquete) StdoutLine: {'line': b'running build_py\n'}
[1.298306] (mi_primer_paquete) StdoutLine: {'line': b'running install\n'}
[1.304184] (mi_primer_paquete) StdoutLine: {'line': b'running install_lib\n'}
[1.330506] (mi_primer_paquete) StdoutLine: {'line': b'copying /home/robotics/pruebaservicio/ros2_ws/build/mi_primer_paquete/build/lib/mi_primer_paquete/CinematicaInversa.py -> /home/robotics/pruebaservicio/ros2_ws/install/mi_primer_paquete/lib/python3.12/site-packages/mi_primer_paquete\n'}
[1.331030] (mi_primer_paquete) StdoutLine: {'line': b'byte-compiling /home/robotics/pruebaservicio/ros2_ws/install/mi_primer_paquete/lib/python3.12/site-packages/mi_primer_paquete/CinematicaInversa.py to CinematicaInversa.cpython-312.pyc\n'}
[1.332662] (mi_primer_paquete) StdoutLine: {'line': b'byte-compiling /home/robotics/pruebaservicio/ros2_ws/install/mi_primer_paquete/lib/python3.12/site-packages/mi_primer_paquete/cine_inver.py to cine_inver.cpython-312.pyc\n'}
[1.334527] (mi_primer_paquete) StderrLine: {'line': b"Sorry: IndentationError: expected an indented block after 'for' statement on line 123 (cine_inver.py, line 124)\n"}
[1.334701] (mi_primer_paquete) StdoutLine: {'line': b'running install_data\n'}
[1.334792] (mi_primer_paquete) StdoutLine: {'line': b'running install_egg_info\n'}
[1.356401] (-) TimerEvent: {}
[1.361282] (mi_primer_paquete) StdoutLine: {'line': b"removing '/home/robotics/pruebaservicio/ros2_ws/install/mi_primer_paquete/lib/python3.12/site-packages/mi_primer_paquete-0.0.0-py3.12.egg-info' (and everything under it)\n"}
[1.361502] (mi_primer_paquete) StdoutLine: {'line': b'Copying ../../build/mi_primer_paquete/mi_primer_paquete.egg-info to /home/robotics/pruebaservicio/ros2_ws/install/mi_primer_paquete/lib/python3.12/site-packages/mi_primer_paquete-0.0.0-py3.12.egg-info\n'}
[1.362120] (mi_primer_paquete) StdoutLine: {'line': b'running install_scripts\n'}
[1.456456] (-) TimerEvent: {}
[1.514335] (mi_primer_paquete) StdoutLine: {'line': b'Installing clicked_point_a_juntas script to /home/robotics/pruebaservicio/ros2_ws/install/mi_primer_paquete/lib/mi_primer_paquete\n'}
[1.514534] (mi_primer_paquete) StdoutLine: {'line': b'Installing joint_states_a_esp32 script to /home/robotics/pruebaservicio/ros2_ws/install/mi_primer_paquete/lib/mi_primer_paquete\n'}
[1.514648] (mi_primer_paquete) StdoutLine: {'line': b'Installing publicador_juntas_terminal script to /home/robotics/pruebaservicio/ros2_ws/install/mi_primer_paquete/lib/mi_primer_paquete\n'}
[1.514809] (mi_primer_paquete) StdoutLine: {'line': b'Installing publisher script to /home/robotics/pruebaservicio/ros2_ws/install/mi_primer_paquete/lib/mi_primer_paquete\n'}
[1.514913] (mi_primer_paquete) StdoutLine: {'line': b'Installing punto_objetivo script to /home/robotics/pruebaservicio/ros2_ws/install/mi_primer_paquete/lib/mi_primer_paquete\n'}
[1.514993] (mi_primer_paquete) StdoutLine: {'line': b'Installing subscriber script to /home/robotics/pruebaservicio/ros2_ws/install/mi_primer_paquete/lib/mi_primer_paquete\n'}
[1.515059] (mi_primer_paquete) StdoutLine: {'line': b'Installing subscriber_2 script to /home/robotics/pruebaservicio/ros2_ws/install/mi_primer_paquete/lib/mi_primer_paquete\n'}
[1.515123] (mi_primer_paquete) StdoutLine: {'line': b'Installing subscriber_inter script to /home/robotics/pruebaservicio/ros2_ws/install/mi_primer_paquete/lib/mi_primer_paquete\n'}
[1.515261] (mi_primer_paquete) StdoutLine: {'line': b"writing list of installed files to '/home/robotics/pruebaservicio/ros2_ws/build/mi_primer_paquete/install.log'\n"}
[1.536308] (mi_primer_paquete) CommandEnded: {'returncode': 0}
[1.543457] (mi_primer_paquete) JobEnded: {'identifier': 'mi_primer_paquete', 'rc': 0}
[1.579420] (-) TimerEvent: {}
[1.590270] (micro_ros_msgs) StdoutLine: {'line': b'-- Found ament_cmake_ros: 0.12.0 (/opt/ros/jazzy/share/ament_cmake_ros/cmake)\n'}
[1.679486] (-) TimerEvent: {}
[1.779691] (-) TimerEvent: {}
[1.879888] (-) TimerEvent: {}
[1.937833] (micro_ros_msgs) StdoutLine: {'line': b'-- Using all available rosidl_typesupport_c: rosidl_typesupport_fastrtps_c;rosidl_typesupport_introspection_c\n'}
[1.979998] (-) TimerEvent: {}
[2.080203] (-) TimerEvent: {}
[2.180405] (-) TimerEvent: {}
[2.280579] (-) TimerEvent: {}
[2.377635] (micro_ros_msgs) StdoutLine: {'line': b'-- Using all available rosidl_typesupport_cpp: rosidl_typesupport_fastrtps_cpp;rosidl_typesupport_introspection_cpp\n'}
[2.380683] (-) TimerEvent: {}
[2.381696] (micro_ros_msgs) StdoutLine: {'line': b'-- Found python_cmake_module: 0.11.1 (/opt/ros/jazzy/share/python_cmake_module/cmake)\n'}
[2.480790] (-) TimerEvent: {}
[2.492318] (micro_ros_msgs) StdoutLine: {'line': b'-- Found PythonExtra: /usr/bin/python3  \n'}
[2.580899] (-) TimerEvent: {}
[2.681117] (-) TimerEvent: {}
[2.781330] (-) TimerEvent: {}
[2.848243] (micro_ros_msgs) StdoutLine: {'line': b'-- Found Python3: /usr/bin/python3 (found version "3.12.3") found components: Interpreter Development NumPy Development.Module Development.Embed \n'}
[2.881466] (-) TimerEvent: {}
[2.881976] (micro_ros_msgs) StdoutLine: {'line': b"-- Added test 'copyright' to check source files copyright and LICENSE\n"}
[2.889817] (micro_ros_msgs) StdoutLine: {'line': b"-- Added test 'lint_cmake' to check CMake code style\n"}
[2.894574] (micro_ros_msgs) StdoutLine: {'line': b"-- Added test 'xmllint' to check XML markup files\n"}
[2.907613] (micro_ros_msgs) StdoutLine: {'line': b'-- Configuring done (2.9s)\n'}
[2.935380] (micro_ros_msgs) StdoutLine: {'line': b'-- Generating done (0.0s)\n'}
[2.944605] (micro_ros_msgs) StdoutLine: {'line': b'-- Build files have been written to: /home/robotics/pruebaservicio/ros2_ws/build/micro_ros_msgs\n'}
[2.950168] (micro_ros_msgs) CommandEnded: {'returncode': 0}
[2.950430] (micro_ros_msgs) JobProgress: {'identifier': 'micro_ros_msgs', 'progress': 'build'}
[2.951034] (micro_ros_msgs) Command: {'cmd': ['/usr/bin/cmake', '--build', '/home/robotics/pruebaservicio/ros2_ws/build/micro_ros_msgs', '--', '-j8', '-l8'], 'cwd': '/home/robotics/pruebaservicio/ros2_ws/build/micro_ros_msgs', 'env': OrderedDict({'LESSOPEN': '| /usr/bin/lesspipe %s', 'USER': 'robotics', 'GZ_CONFIG_PATH': '/opt/ros/jazzy/opt/sdformat_vendor/share/gz', 'XDG_SESSION_TYPE': 'wayland', 'CLUTTER_DISABLE_MIPMAPPED_TEXT': '1', 'SHLVL': '1', 'LD_LIBRARY_PATH': '/home/robotics/pruebaservicio/ros2_ws/install/micro_ros_agent/lib:/opt/ros/jazzy/opt/sdformat_vendor/lib:/opt/ros/jazzy/opt/rviz_ogre_vendor/lib:/opt/ros/jazzy/lib/x86_64-linux-gnu:/opt/ros/jazzy/opt/gz_math_vendor/lib:/opt/ros/jazzy/opt/gz_utils_vendor/lib:/opt/ros/jazzy/opt/gz_tools_vendor/lib:/opt/ros/jazzy/opt/gz_cmake_vendor/lib:/opt/ros/jazzy/lib', 'HOME': '/home/robotics', 'OLDPWD': '/home/robotics/pruebaservicio/ros2_ws/src', 'DESKTOP_SESSION': 'ubuntu', 'ROS_PYTHON_VERSION': '3', 'GNOME_SHELL_SESSION_MODE': 'ubuntu', 'GTK_MODULES': 'gail:atk-bridge', 'SYSTEMD_EXEC_PID': '2690', 'GSM_SKIP_SSH_AGENT_WORKAROUND': 'true', 'DBUS_SESSION_BUS_ADDRESS': 'unix:path=/run/user/1000/bus', 'COLORTERM': 'truecolor', 'DEBUGINFOD_URLS': 'https://debuginfod.ubuntu.com', 'IM_CONFIG_PHASE': '1', 'WAYLAND_DISPLAY': 'wayland-0', 'COLCON_PREFIX_PATH': '/home/robotics/pruebaservicio/ros2_ws/install', 'ROS_DISTRO': 'jazzy', 'LOGNAME': 'robotics', '_': '/usr/bin/colcon', 'ROS_VERSION': '2', 'MEMORY_PRESSURE_WATCH': '/sys/fs/cgroup/user.slice/user-1000.slice/user@1000.service/session.slice/org.gnome.Shell@wayland.service/memory.pressure', 'XDG_SESSION_CLASS': 'user', 'USERNAME': 'robotics', 'TERM': 'xterm-256color', 'GNOME_DESKTOP_SESSION_ID': 'this-is-deprecated', 'PATH': '/opt/ros/jazzy/opt/gz_tools_vendor/bin:/opt/ros/jazzy/bin:/usr/local/sbin:/usr/local/bin:/usr/sbin:/usr/bin:/sbin:/bin:/usr/games:/usr/local/games:/snap/bin:/snap/bin', 'SESSION_MANAGER': 'local/stratokiller:@/tmp/.ICE-unix/2620,unix/stratokiller:/tmp/.ICE-unix/2620', 'XDG_MENU_PREFIX': 'gnome-', 'GNOME_TERMINAL_SCREEN': '/org/gnome/Terminal/screen/7a730293_0a36_4447_be06_b0fc7c948de4', 'GNOME_SETUP_DISPLAY': ':1', 'XDG_RUNTIME_DIR': '/run/user/1000', 'DISPLAY': ':0', 'LANG': 'en_US.UTF-8', 'XDG_CURRENT_DESKTOP': 'ubuntu:GNOME', 'XMODIFIERS': '@im=ibus', 'XDG_SESSION_DESKTOP': 'ubuntu', 'XAUTHORITY': '/run/user/1000/.mutter-Xwaylandauth.DR0FW3', 'LS_COLORS': 'rs=0:di=01;34:ln=01;36:mh=00:pi=40;33:so=01;35:do=01;35:bd=40;33;01:cd=40;33;01:or=40;31;01:mi=00:su=37;41:sg=30;43:ca=00:tw=30;42:ow=34;42:st=37;44:ex=01;32:*.tar=01;31:*.tgz=01;31:*.arc=01;31:*.arj=01;31:*.taz=01;31:*.lha=01;31:*.lz4=01;31:*.lzh=01;31:*.lzma=01;31:*.tlz=01;31:*.txz=01;31:*.tzo=01;31:*.t7z=01;31:*.zip=01;31:*.z=01;31:*.dz=01;31:*.gz=01;31:*.lrz=01;31:*.lz=01;31:*.lzo=01;31:*.xz=01;31:*.zst=01;31:*.tzst=01;31:*.bz2=01;31:*.bz=01;31:*.tbz=01;31:*.tbz2=01;31:*.tz=01;31:*.deb=01;31:*.rpm=01;31:*.jar=01;31:*.war=01;31:*.ear=01;31:*.sar=01;31:*.rar=01;31:*.alz=01;31:*.ace=01;31:*.zoo=01;31:*.cpio=01;31:*.7z=01;31:*.rz=01;31:*.cab=01;31:*.wim=01;31:*.swm=01;31:*.dwm=01;31:*.esd=01;31:*.avif=01;35:*.jpg=01;35:*.jpeg=01;35:*.mjpg=01;35:*.mjpeg=01;35:*.gif=01;35:*.bmp=01;35:*.pbm=01;35:*.pgm=01;35:*.ppm=01;35:*.tga=01;35:*.xbm=01;35:*.xpm=01;35:*.tif=01;35:*.tiff=01;35:*.png=01;35:*.svg=01;35:*.svgz=01;35:*.mng=01;35:*.pcx=01;35:*.mov=01;35:*.mpg=01;35:*.mpeg=01;35:*.m2v=01;35:*.mkv=01;35:*.webm=01;35:*.webp=01;35:*.ogm=01;35:*.mp4=01;35:*.m4v=01;35:*.mp4v=01;35:*.vob=01;35:*.qt=01;35:*.nuv=01;35:*.wmv=01;35:*.asf=01;35:*.rm=01;35:*.rmvb=01;35:*.flc=01;35:*.avi=01;35:*.fli=01;35:*.flv=01;35:*.gl=01;35:*.dl=01;35:*.xcf=01;35:*.xwd=01;35:*.yuv=01;35:*.cgm=01;35:*.emf=01;35:*.ogv=01;35:*.ogx=01;35:*.aac=00;36:*.au=00;36:*.flac=00;36:*.m4a=00;36:*.mid=00;36:*.midi=00;36:*.mka=00;36:*.mp3=00;36:*.mpc=00;36:*.ogg=00;36:*.ra=00;36:*.wav=00;36:*.oga=00;36:*.opus=00;36:*.spx=00;36:*.xspf=00;36:*~=00;90:*#=00;90:*.bak=00;90:*.crdownload=00;90:*.dpkg-dist=00;90:*.dpkg-new=00;90:*.dpkg-old=00;90:*.dpkg-tmp=00;90:*.old=00;90:*.orig=00;90:*.part=00;90:*.rej=00;90:*.rpmnew=00;90:*.rpmorig=00;90:*.rpmsave=00;90:*.swp=00;90:*.tmp=00;90:*.ucf-dist=00;90:*.ucf-new=00;90:*.ucf-old=00;90:', 'GNOME_TERMINAL_SERVICE': ':1.124', 'SSH_AUTH_SOCK': '/run/user/1000/keyring/ssh', 'AMENT_PREFIX_PATH': '/home/robotics/pruebaservicio/ros2_ws/install/micro_ros_agent:/home/robotics/pruebaservicio/ros2_ws/install/mi_primer_paquete:/opt/ros/jazzy', 'SHELL': '/bin/bash', 'QT_ACCESSIBILITY': '1', 'GDMSESSION': 'ubuntu', 'LESSCLOSE': '/usr/bin/lesspipe %s %s', 'ROS_AUTOMATIC_DISCOVERY_RANGE': 'SUBNET', 'QT_IM_MODULE': 'ibus', 'PWD': '/home/robotics/pruebaservicio/ros2_ws/build/micro_ros_msgs', 'LC_ALL': 'en_US.UTF-8', 'XDG_CONFIG_DIRS': '/etc/xdg/xdg-ubuntu:/etc/xdg', 'XDG_DATA_DIRS': '/usr/share/ubuntu:/usr/share/gnome:/usr/local/share/:/usr/share/:/var/lib/snapd/desktop', 'PYTHONPATH': '/home/robotics/pruebaservicio/ros2_ws/install/mi_primer_paquete/lib/python3.12/site-packages:/opt/ros/jazzy/lib/python3.12/site-packages', 'COLCON': '1', 'MEMORY_PRESSURE_WRITE': 'c29tZSAyMDAwMDAgMjAwMDAwMAA=', 'VTE_VERSION': '7600', 'CMAKE_PREFIX_PATH': '/home/robotics/pruebaservicio/ros2_ws/install/micro_ros_agent:/opt/ros/jazzy/opt/sdformat_vendor:/opt/ros/jazzy/opt/gz_math_vendor:/opt/ros/jazzy/opt/gz_utils_vendor:/opt/ros/jazzy/opt/gz_tools_vendor:/opt/ros/jazzy/opt/gz_cmake_vendor:/home/robotics/pruebaservicio/ros2_ws/install/mi_primer_paquete:/opt/ros/jazzy'}), 'shell': False}
[2.981554] (-) TimerEvent: {}
[2.986953] (micro_ros_msgs) StdoutLine: {'line': b'[  1%] \x1b[34m\x1b[1mGenerating type hashes for ROS interfaces\x1b[0m\n'}
[2.993352] (micro_ros_msgs) StdoutLine: {'line': b'[  1%] Built target ament_cmake_python_copy_micro_ros_msgs\n'}
[3.081630] (-) TimerEvent: {}
[3.175942] (micro_ros_msgs) StdoutLine: {'line': b'[  1%] Built target micro_ros_msgs__rosidl_generator_type_description\n'}
[3.181735] (-) TimerEvent: {}
[3.183238] (micro_ros_msgs) StdoutLine: {'line': b'[  3%] \x1b[34m\x1b[1mGenerating C code for ROS interfaces\x1b[0m\n'}
[3.190967] (micro_ros_msgs) StdoutLine: {'line': b'[  5%] \x1b[34m\x1b[1mGenerating C++ code for ROS interfaces\x1b[0m\n'}
[3.221345] (micro_ros_msgs) StdoutLine: {'line': b'running egg_info\n'}
[3.222061] (micro_ros_msgs) StdoutLine: {'line': b'creating micro_ros_msgs.egg-info\n'}
[3.247891] (micro_ros_msgs) StdoutLine: {'line': b'writing micro_ros_msgs.egg-info/PKG-INFO\n'}
[3.248119] (micro_ros_msgs) StdoutLine: {'line': b'writing dependency_links to micro_ros_msgs.egg-info/dependency_links.txt\n'}
[3.248241] (micro_ros_msgs) StdoutLine: {'line': b'writing top-level names to micro_ros_msgs.egg-info/top_level.txt\n'}
[3.248340] (micro_ros_msgs) StdoutLine: {'line': b"writing manifest file 'micro_ros_msgs.egg-info/SOURCES.txt'\n"}
[3.281835] (-) TimerEvent: {}
[3.325307] (micro_ros_msgs) StdoutLine: {'line': b"reading manifest file 'micro_ros_msgs.egg-info/SOURCES.txt'\n"}
[3.325710] (micro_ros_msgs) StdoutLine: {'line': b"writing manifest file 'micro_ros_msgs.egg-info/SOURCES.txt'\n"}
[3.347133] (micro_ros_msgs) StdoutLine: {'line': b'[  5%] Built target ament_cmake_python_build_micro_ros_msgs_egg\n'}
[3.381944] (-) TimerEvent: {}
[3.457866] (micro_ros_msgs) StdoutLine: {'line': b'[  5%] Built target micro_ros_msgs__cpp\n'}
[3.482061] (-) TimerEvent: {}
[3.498837] (micro_ros_msgs) StdoutLine: {'line': b'[  9%] \x1b[32mBuilding C object CMakeFiles/micro_ros_msgs__rosidl_generator_c.dir/rosidl_generator_c/micro_ros_msgs/msg/detail/node__description.c.o\x1b[0m\n'}
[3.498980] (micro_ros_msgs) StdoutLine: {'line': b'[  9%] \x1b[32mBuilding C object CMakeFiles/micro_ros_msgs__rosidl_generator_c.dir/rosidl_generator_c/micro_ros_msgs/msg/detail/graph__type_support.c.o\x1b[0m\n'}
[3.499049] (micro_ros_msgs) StdoutLine: {'line': b'[ 11%] \x1b[32mBuilding C object CMakeFiles/micro_ros_msgs__rosidl_generator_c.dir/rosidl_generator_c/micro_ros_msgs/msg/detail/node__type_support.c.o\x1b[0m\n'}
[3.499117] (micro_ros_msgs) StdoutLine: {'line': b'[ 12%] \x1b[32mBuilding C object CMakeFiles/micro_ros_msgs__rosidl_generator_c.dir/rosidl_generator_c/micro_ros_msgs/msg/detail/graph__description.c.o\x1b[0m\n'}
[3.499180] (micro_ros_msgs) StdoutLine: {'line': b'[ 14%] \x1b[32mBuilding C object CMakeFiles/micro_ros_msgs__rosidl_generator_c.dir/rosidl_generator_c/micro_ros_msgs/msg/detail/node__functions.c.o\x1b[0m\n'}
[3.504480] (micro_ros_msgs) StdoutLine: {'line': b'[ 16%] \x1b[32mBuilding C object CMakeFiles/micro_ros_msgs__rosidl_generator_c.dir/rosidl_generator_c/micro_ros_msgs/msg/detail/entity__description.c.o\x1b[0m\n'}
[3.505695] (micro_ros_msgs) StdoutLine: {'line': b'[ 18%] \x1b[32mBuilding C object CMakeFiles/micro_ros_msgs__rosidl_generator_c.dir/rosidl_generator_c/micro_ros_msgs/msg/detail/graph__functions.c.o\x1b[0m\n'}
[3.509586] (micro_ros_msgs) StdoutLine: {'line': b'[ 20%] \x1b[32mBuilding C object CMakeFiles/micro_ros_msgs__rosidl_generator_c.dir/rosidl_generator_c/micro_ros_msgs/msg/detail/entity__functions.c.o\x1b[0m\n'}
[3.531770] (micro_ros_msgs) StdoutLine: {'line': b'[ 22%] \x1b[32mBuilding C object CMakeFiles/micro_ros_msgs__rosidl_generator_c.dir/rosidl_generator_c/micro_ros_msgs/msg/detail/entity__type_support.c.o\x1b[0m\n'}
[3.561581] (micro_ros_msgs) StdoutLine: {'line': b'[ 24%] \x1b[32m\x1b[1mLinking C shared library libmicro_ros_msgs__rosidl_generator_c.so\x1b[0m\n'}
[3.582149] (-) TimerEvent: {}
[3.655217] (micro_ros_msgs) StdoutLine: {'line': b'[ 24%] Built target micro_ros_msgs__rosidl_generator_c\n'}
[3.665208] (micro_ros_msgs) StdoutLine: {'line': b'[ 29%] \x1b[34m\x1b[1mGenerating C type support for eProsima Fast-RTPS\x1b[0m\n'}
[3.665480] (micro_ros_msgs) StdoutLine: {'line': b'[ 29%] \x1b[34m\x1b[1mGenerating C introspection for ROS interfaces\x1b[0m\n'}
[3.665593] (micro_ros_msgs) StdoutLine: {'line': b'[ 31%] \x1b[34m\x1b[1mGenerating C type support dispatch for ROS interfaces\x1b[0m\n'}
[3.665688] (micro_ros_msgs) StdoutLine: {'line': b'[ 31%] \x1b[34m\x1b[1mGenerating C++ introspection for ROS interfaces\x1b[0m\n'}
[3.665778] (micro_ros_msgs) StdoutLine: {'line': b'[ 33%] \x1b[34m\x1b[1mGenerating C++ type support dispatch for ROS interfaces\x1b[0m\n'}
[3.666182] (micro_ros_msgs) StdoutLine: {'line': b'[ 35%] \x1b[34m\x1b[1mGenerating C++ type support for eProsima Fast-RTPS\x1b[0m\n'}
[3.682271] (-) TimerEvent: {}
[3.782521] (-) TimerEvent: {}
[3.882819] (-) TimerEvent: {}
[3.900450] (micro_ros_msgs) StdoutLine: {'line': b'[ 38%] \x1b[32mBuilding CXX object CMakeFiles/micro_ros_msgs__rosidl_typesupport_cpp.dir/rosidl_typesupport_cpp/micro_ros_msgs/msg/entity__type_support.cpp.o\x1b[0m\n'}
[3.900602] (micro_ros_msgs) StdoutLine: {'line': b'[ 38%] \x1b[32mBuilding CXX object CMakeFiles/micro_ros_msgs__rosidl_typesupport_cpp.dir/rosidl_typesupport_cpp/micro_ros_msgs/msg/graph__type_support.cpp.o\x1b[0m\n'}
[3.900679] (micro_ros_msgs) StdoutLine: {'line': b'[ 40%] \x1b[32mBuilding CXX object CMakeFiles/micro_ros_msgs__rosidl_typesupport_cpp.dir/rosidl_typesupport_cpp/micro_ros_msgs/msg/node__type_support.cpp.o\x1b[0m\n'}
[3.908370] (micro_ros_msgs) StdoutLine: {'line': b'[ 42%] \x1b[32mBuilding CXX object CMakeFiles/micro_ros_msgs__rosidl_typesupport_c.dir/rosidl_typesupport_c/micro_ros_msgs/msg/graph__type_support.cpp.o\x1b[0m\n'}
[3.946292] (micro_ros_msgs) StdoutLine: {'line': b'[ 44%] \x1b[32mBuilding CXX object CMakeFiles/micro_ros_msgs__rosidl_typesupport_c.dir/rosidl_typesupport_c/micro_ros_msgs/msg/node__type_support.cpp.o\x1b[0m\n'}
[3.952439] (micro_ros_msgs) StdoutLine: {'line': b'[ 46%] \x1b[32mBuilding CXX object CMakeFiles/micro_ros_msgs__rosidl_typesupport_introspection_cpp.dir/rosidl_typesupport_introspection_cpp/micro_ros_msgs/msg/detail/graph__type_support.cpp.o\x1b[0m\n'}
[3.971746] (micro_ros_msgs) StdoutLine: {'line': b'[ 48%] \x1b[32mBuilding C object CMakeFiles/micro_ros_msgs__rosidl_typesupport_introspection_c.dir/rosidl_typesupport_introspection_c/micro_ros_msgs/msg/detail/graph__type_support.c.o\x1b[0m\n'}
[3.980654] (micro_ros_msgs) StdoutLine: {'line': b'[ 50%] \x1b[32mBuilding CXX object CMakeFiles/micro_ros_msgs__rosidl_typesupport_c.dir/rosidl_typesupport_c/micro_ros_msgs/msg/entity__type_support.cpp.o\x1b[0m\n'}
[3.982916] (-) TimerEvent: {}
[4.004925] (micro_ros_msgs) StdoutLine: {'line': b'[ 51%] \x1b[32mBuilding CXX object CMakeFiles/micro_ros_msgs__rosidl_typesupport_fastrtps_cpp.dir/rosidl_typesupport_fastrtps_cpp/micro_ros_msgs/msg/detail/dds_fastrtps/graph__type_support.cpp.o\x1b[0m\n'}
[4.007019] (micro_ros_msgs) StdoutLine: {'line': b'[ 53%] \x1b[32mBuilding C object CMakeFiles/micro_ros_msgs__rosidl_typesupport_introspection_c.dir/rosidl_typesupport_introspection_c/micro_ros_msgs/msg/detail/node__type_support.c.o\x1b[0m\n'}
[4.015354] (micro_ros_msgs) StdoutLine: {'line': b'[ 55%] \x1b[32mBuilding CXX object CMakeFiles/micro_ros_msgs__rosidl_typesupport_fastrtps_c.dir/rosidl_typesupport_fastrtps_c/micro_ros_msgs/msg/detail/graph__type_support_c.cpp.o\x1b[0m\n'}
[4.026557] (micro_ros_msgs) StdoutLine: {'line': b'[ 57%] \x1b[32m\x1b[1mLinking CXX shared library libmicro_ros_msgs__rosidl_typesupport_c.so\x1b[0m\n'}
[4.041185] (micro_ros_msgs) StdoutLine: {'line': b'[ 59%] \x1b[32mBuilding C object CMakeFiles/micro_ros_msgs__rosidl_typesupport_introspection_c.dir/rosidl_typesupport_introspection_c/micro_ros_msgs/msg/detail/entity__type_support.c.o\x1b[0m\n'}
[4.070271] (micro_ros_msgs) StdoutLine: {'line': b'[ 59%] Built target micro_ros_msgs__rosidl_typesupport_c\n'}
[4.076462] (micro_ros_msgs) StdoutLine: {'line': b'[ 61%] \x1b[32m\x1b[1mLinking C shared library libmicro_ros_msgs__rosidl_typesupport_introspection_c.so\x1b[0m\n'}
[4.078428] (micro_ros_msgs) StdoutLine: {'line': b'[ 62%] \x1b[32mBuilding CXX object CMakeFiles/micro_ros_msgs__rosidl_typesupport_fastrtps_c.dir/rosidl_typesupport_fastrtps_c/micro_ros_msgs/msg/detail/node__type_support_c.cpp.o\x1b[0m\n'}
[4.083436] (-) TimerEvent: {}
[4.111909] (micro_ros_msgs) StdoutLine: {'line': b'[ 62%] Built target micro_ros_msgs__rosidl_typesupport_introspection_c\n'}
[4.119385] (micro_ros_msgs) StdoutLine: {'line': b'[ 64%] \x1b[32mBuilding CXX object CMakeFiles/micro_ros_msgs__rosidl_typesupport_fastrtps_cpp.dir/rosidl_typesupport_fastrtps_cpp/micro_ros_msgs/msg/detail/dds_fastrtps/node__type_support.cpp.o\x1b[0m\n'}
[4.171936] (micro_ros_msgs) StdoutLine: {'line': b'[ 66%] \x1b[32mBuilding CXX object CMakeFiles/micro_ros_msgs__rosidl_typesupport_fastrtps_c.dir/rosidl_typesupport_fastrtps_c/micro_ros_msgs/msg/detail/entity__type_support_c.cpp.o\x1b[0m\n'}
[4.180463] (micro_ros_msgs) StdoutLine: {'line': b'[ 68%] \x1b[32mBuilding CXX object CMakeFiles/micro_ros_msgs__rosidl_typesupport_introspection_cpp.dir/rosidl_typesupport_introspection_cpp/micro_ros_msgs/msg/detail/node__type_support.cpp.o\x1b[0m\n'}
[4.180802] (micro_ros_msgs) StdoutLine: {'line': b'[ 70%] \x1b[32m\x1b[1mLinking CXX shared library libmicro_ros_msgs__rosidl_typesupport_cpp.so\x1b[0m\n'}
[4.183524] (-) TimerEvent: {}
[4.217823] (micro_ros_msgs) StdoutLine: {'line': b'[ 70%] Built target micro_ros_msgs__rosidl_typesupport_cpp\n'}
[4.225286] (micro_ros_msgs) StdoutLine: {'line': b'[ 72%] \x1b[32mBuilding CXX object CMakeFiles/micro_ros_msgs__rosidl_typesupport_fastrtps_cpp.dir/rosidl_typesupport_fastrtps_cpp/micro_ros_msgs/msg/detail/dds_fastrtps/entity__type_support.cpp.o\x1b[0m\n'}
[4.284485] (-) TimerEvent: {}
[4.384692] (-) TimerEvent: {}
[4.392246] (micro_ros_msgs) StdoutLine: {'line': b'[ 74%] \x1b[32mBuilding CXX object CMakeFiles/micro_ros_msgs__rosidl_typesupport_introspection_cpp.dir/rosidl_typesupport_introspection_cpp/micro_ros_msgs/msg/detail/entity__type_support.cpp.o\x1b[0m\n'}
[4.485426] (-) TimerEvent: {}
[4.576846] (micro_ros_msgs) StdoutLine: {'line': b'[ 75%] \x1b[32m\x1b[1mLinking CXX shared library libmicro_ros_msgs__rosidl_typesupport_fastrtps_c.so\x1b[0m\n'}
[4.585538] (-) TimerEvent: {}
[4.639768] (micro_ros_msgs) StdoutLine: {'line': b'[ 75%] Built target micro_ros_msgs__rosidl_typesupport_fastrtps_c\n'}
[4.662521] (micro_ros_msgs) StdoutLine: {'line': b'[ 77%] \x1b[32m\x1b[1mLinking CXX shared library libmicro_ros_msgs__rosidl_typesupport_fastrtps_cpp.so\x1b[0m\n'}
[4.683920] (micro_ros_msgs) StdoutLine: {'line': b'[ 79%] \x1b[32m\x1b[1mLinking CXX shared library libmicro_ros_msgs__rosidl_typesupport_introspection_cpp.so\x1b[0m\n'}
[4.685620] (-) TimerEvent: {}
[4.724274] (micro_ros_msgs) StdoutLine: {'line': b'[ 79%] Built target micro_ros_msgs__rosidl_typesupport_fastrtps_cpp\n'}
[4.744771] (micro_ros_msgs) StdoutLine: {'line': b'[ 79%] Built target micro_ros_msgs__rosidl_typesupport_introspection_cpp\n'}
[4.759428] (micro_ros_msgs) StdoutLine: {'line': b'[ 79%] Built target micro_ros_msgs\n'}
[4.773967] (micro_ros_msgs) StdoutLine: {'line': b'[ 81%] \x1b[34m\x1b[1mGenerating Python code for ROS interfaces\x1b[0m\n'}
[4.785722] (-) TimerEvent: {}
[4.885923] (-) TimerEvent: {}
[4.986130] (-) TimerEvent: {}
[5.086335] (-) TimerEvent: {}
[5.155891] (micro_ros_msgs) StdoutLine: {'line': b'[ 81%] Built target micro_ros_msgs__py\n'}
[5.170396] (micro_ros_msgs) StdoutLine: {'line': b'[ 87%] \x1b[32mBuilding C object CMakeFiles/micro_ros_msgs__rosidl_generator_py.dir/rosidl_generator_py/micro_ros_msgs/msg/_node_s.c.o\x1b[0m\n'}
[5.170534] (micro_ros_msgs) StdoutLine: {'line': b'[ 87%] \x1b[32mBuilding C object CMakeFiles/micro_ros_msgs__rosidl_generator_py.dir/rosidl_generator_py/micro_ros_msgs/msg/_graph_s.c.o\x1b[0m\n'}
[5.170606] (micro_ros_msgs) StdoutLine: {'line': b'[ 87%] \x1b[32mBuilding C object CMakeFiles/micro_ros_msgs__rosidl_generator_py.dir/rosidl_generator_py/micro_ros_msgs/msg/_entity_s.c.o\x1b[0m\n'}
[5.186467] (-) TimerEvent: {}
[5.286661] (-) TimerEvent: {}
[5.341333] (micro_ros_msgs) StdoutLine: {'line': b'[ 88%] \x1b[32m\x1b[1mLinking C shared library libmicro_ros_msgs__rosidl_generator_py.so\x1b[0m\n'}
[5.374577] (micro_ros_msgs) StdoutLine: {'line': b'[ 88%] Built target micro_ros_msgs__rosidl_generator_py\n'}
[5.386780] (-) TimerEvent: {}
[5.390135] (micro_ros_msgs) StdoutLine: {'line': b'[ 94%] \x1b[32mBuilding C object CMakeFiles/micro_ros_msgs_s__rosidl_typesupport_c.dir/rosidl_generator_py/micro_ros_msgs/_micro_ros_msgs_s.ep.rosidl_typesupport_c.c.o\x1b[0m\n'}
[5.390304] (micro_ros_msgs) StdoutLine: {'line': b'[ 94%] \x1b[32mBuilding C object CMakeFiles/micro_ros_msgs_s__rosidl_typesupport_introspection_c.dir/rosidl_generator_py/micro_ros_msgs/_micro_ros_msgs_s.ep.rosidl_typesupport_introspection_c.c.o\x1b[0m\n'}
[5.390373] (micro_ros_msgs) StdoutLine: {'line': b'[ 94%] \x1b[32mBuilding C object CMakeFiles/micro_ros_msgs_s__rosidl_typesupport_fastrtps_c.dir/rosidl_generator_py/micro_ros_msgs/_micro_ros_msgs_s.ep.rosidl_typesupport_fastrtps_c.c.o\x1b[0m\n'}
[5.471392] (micro_ros_msgs) StdoutLine: {'line': b'[ 98%] \x1b[32m\x1b[1mLinking C shared module rosidl_generator_py/micro_ros_msgs/micro_ros_msgs_s__rosidl_typesupport_c.so\x1b[0m\n'}
[5.471537] (micro_ros_msgs) StdoutLine: {'line': b'[ 98%] \x1b[32m\x1b[1mLinking C shared module rosidl_generator_py/micro_ros_msgs/micro_ros_msgs_s__rosidl_typesupport_introspection_c.so\x1b[0m\n'}
[5.473807] (micro_ros_msgs) StdoutLine: {'line': b'[100%] \x1b[32m\x1b[1mLinking C shared module rosidl_generator_py/micro_ros_msgs/micro_ros_msgs_s__rosidl_typesupport_fastrtps_c.so\x1b[0m\n'}
[5.486927] (-) TimerEvent: {}
[5.494779] (micro_ros_msgs) StdoutLine: {'line': b'[100%] Built target micro_ros_msgs_s__rosidl_typesupport_c\n'}
[5.561261] (micro_ros_msgs) StdoutLine: {'line': b'[100%] Built target micro_ros_msgs_s__rosidl_typesupport_introspection_c\n'}
[5.561816] (micro_ros_msgs) StdoutLine: {'line': b'[100%] Built target micro_ros_msgs_s__rosidl_typesupport_fastrtps_c\n'}
[5.572799] (micro_ros_msgs) CommandEnded: {'returncode': 0}
[5.573394] (micro_ros_msgs) JobProgress: {'identifier': 'micro_ros_msgs', 'progress': 'install'}
[5.581534] (micro_ros_msgs) Command: {'cmd': ['/usr/bin/cmake', '--install', '/home/robotics/pruebaservicio/ros2_ws/build/micro_ros_msgs'], 'cwd': '/home/robotics/pruebaservicio/ros2_ws/build/micro_ros_msgs', 'env': OrderedDict({'LESSOPEN': '| /usr/bin/lesspipe %s', 'USER': 'robotics', 'GZ_CONFIG_PATH': '/opt/ros/jazzy/opt/sdformat_vendor/share/gz', 'XDG_SESSION_TYPE': 'wayland', 'CLUTTER_DISABLE_MIPMAPPED_TEXT': '1', 'SHLVL': '1', 'LD_LIBRARY_PATH': '/home/robotics/pruebaservicio/ros2_ws/install/micro_ros_agent/lib:/opt/ros/jazzy/opt/sdformat_vendor/lib:/opt/ros/jazzy/opt/rviz_ogre_vendor/lib:/opt/ros/jazzy/lib/x86_64-linux-gnu:/opt/ros/jazzy/opt/gz_math_vendor/lib:/opt/ros/jazzy/opt/gz_utils_vendor/lib:/opt/ros/jazzy/opt/gz_tools_vendor/lib:/opt/ros/jazzy/opt/gz_cmake_vendor/lib:/opt/ros/jazzy/lib', 'HOME': '/home/robotics', 'OLDPWD': '/home/robotics/pruebaservicio/ros2_ws/src', 'DESKTOP_SESSION': 'ubuntu', 'ROS_PYTHON_VERSION': '3', 'GNOME_SHELL_SESSION_MODE': 'ubuntu', 'GTK_MODULES': 'gail:atk-bridge', 'SYSTEMD_EXEC_PID': '2690', 'GSM_SKIP_SSH_AGENT_WORKAROUND': 'true', 'DBUS_SESSION_BUS_ADDRESS': 'unix:path=/run/user/1000/bus', 'COLORTERM': 'truecolor', 'DEBUGINFOD_URLS': 'https://debuginfod.ubuntu.com', 'IM_CONFIG_PHASE': '1', 'WAYLAND_DISPLAY': 'wayland-0', 'COLCON_PREFIX_PATH': '/home/robotics/pruebaservicio/ros2_ws/install', 'ROS_DISTRO': 'jazzy', 'LOGNAME': 'robotics', '_': '/usr/bin/colcon', 'ROS_VERSION': '2', 'MEMORY_PRESSURE_WATCH': '/sys/fs/cgroup/user.slice/user-1000.slice/user@1000.service/session.slice/org.gnome.Shell@wayland.service/memory.pressure', 'XDG_SESSION_CLASS': 'user', 'USERNAME': 'robotics', 'TERM': 'xterm-256color', 'GNOME_DESKTOP_SESSION_ID': 'this-is-deprecated', 'PATH': '/opt/ros/jazzy/opt/gz_tools_vendor/bin:/opt/ros/jazzy/bin:/usr/local/sbin:/usr/local/bin:/usr/sbin:/usr/bin:/sbin:/bin:/usr/games:/usr/local/games:/snap/bin:/snap/bin', 'SESSION_MANAGER': 'local/stratokiller:@/tmp/.ICE-unix/2620,unix/stratokiller:/tmp/.ICE-unix/2620', 'XDG_MENU_PREFIX': 'gnome-', 'GNOME_TERMINAL_SCREEN': '/org/gnome/Terminal/screen/7a730293_0a36_4447_be06_b0fc7c948de4', 'GNOME_SETUP_DISPLAY': ':1', 'XDG_RUNTIME_DIR': '/run/user/1000', 'DISPLAY': ':0', 'LANG': 'en_US.UTF-8', 'XDG_CURRENT_DESKTOP': 'ubuntu:GNOME', 'XMODIFIERS': '@im=ibus', 'XDG_SESSION_DESKTOP': 'ubuntu', 'XAUTHORITY': '/run/user/1000/.mutter-Xwaylandauth.DR0FW3', 'LS_COLORS': 'rs=0:di=01;34:ln=01;36:mh=00:pi=40;33:so=01;35:do=01;35:bd=40;33;01:cd=40;33;01:or=40;31;01:mi=00:su=37;41:sg=30;43:ca=00:tw=30;42:ow=34;42:st=37;44:ex=01;32:*.tar=01;31:*.tgz=01;31:*.arc=01;31:*.arj=01;31:*.taz=01;31:*.lha=01;31:*.lz4=01;31:*.lzh=01;31:*.lzma=01;31:*.tlz=01;31:*.txz=01;31:*.tzo=01;31:*.t7z=01;31:*.zip=01;31:*.z=01;31:*.dz=01;31:*.gz=01;31:*.lrz=01;31:*.lz=01;31:*.lzo=01;31:*.xz=01;31:*.zst=01;31:*.tzst=01;31:*.bz2=01;31:*.bz=01;31:*.tbz=01;31:*.tbz2=01;31:*.tz=01;31:*.deb=01;31:*.rpm=01;31:*.jar=01;31:*.war=01;31:*.ear=01;31:*.sar=01;31:*.rar=01;31:*.alz=01;31:*.ace=01;31:*.zoo=01;31:*.cpio=01;31:*.7z=01;31:*.rz=01;31:*.cab=01;31:*.wim=01;31:*.swm=01;31:*.dwm=01;31:*.esd=01;31:*.avif=01;35:*.jpg=01;35:*.jpeg=01;35:*.mjpg=01;35:*.mjpeg=01;35:*.gif=01;35:*.bmp=01;35:*.pbm=01;35:*.pgm=01;35:*.ppm=01;35:*.tga=01;35:*.xbm=01;35:*.xpm=01;35:*.tif=01;35:*.tiff=01;35:*.png=01;35:*.svg=01;35:*.svgz=01;35:*.mng=01;35:*.pcx=01;35:*.mov=01;35:*.mpg=01;35:*.mpeg=01;35:*.m2v=01;35:*.mkv=01;35:*.webm=01;35:*.webp=01;35:*.ogm=01;35:*.mp4=01;35:*.m4v=01;35:*.mp4v=01;35:*.vob=01;35:*.qt=01;35:*.nuv=01;35:*.wmv=01;35:*.asf=01;35:*.rm=01;35:*.rmvb=01;35:*.flc=01;35:*.avi=01;35:*.fli=01;35:*.flv=01;35:*.gl=01;35:*.dl=01;35:*.xcf=01;35:*.xwd=01;35:*.yuv=01;35:*.cgm=01;35:*.emf=01;35:*.ogv=01;35:*.ogx=01;35:*.aac=00;36:*.au=00;36:*.flac=00;36:*.m4a=00;36:*.mid=00;36:*.midi=00;36:*.mka=00;36:*.mp3=00;36:*.mpc=00;36:*.ogg=00;36:*.ra=00;36:*.wav=00;36:*.oga=00;36:*.opus=00;36:*.spx=00;36:*.xspf=00;36:*~=00;90:*#=00;90:*.bak=00;90:*.crdownload=00;90:*.dpkg-dist=00;90:*.dpkg-new=00;90:*.dpkg-old=00;90:*.dpkg-tmp=00;90:*.old=00;90:*.orig=00;90:*.part=00;90:*.rej=00;90:*.rpmnew=00;90:*.rpmorig=00;90:*.rpmsave=00;90:*.swp=00;90:*.tmp=00;90:*.ucf-dist=00;90:*.ucf-new=00;90:*.ucf-old=00;90:', 'GNOME_TERMINAL_SERVICE': ':1.124', 'SSH_AUTH_SOCK': '/run/user/1000/keyring/ssh', 'AMENT_PREFIX_PATH': '/home/robotics/pruebaservicio/ros2_ws/install/micro_ros_agent:/home/robotics/pruebaservicio/ros2_ws/install/mi_primer_paquete:/opt/ros/jazzy', 'SHELL': '/bin/bash', 'QT_ACCESSIBILITY': '1', 'GDMSESSION': 'ubuntu', 'LESSCLOSE': '/usr/bin/lesspipe %s %s', 'ROS_AUTOMATIC_DISCOVERY_RANGE': 'SUBNET', 'QT_IM_MODULE': 'ibus', 'PWD': '/home/robotics/pruebaservicio/ros2_ws/build/micro_ros_msgs', 'LC_ALL': 'en_US.UTF-8', 'XDG_CONFIG_DIRS': '/etc/xdg/xdg-ubuntu:/etc/xdg', 'XDG_DATA_DIRS': '/usr/share/ubuntu:/usr/share/gnome:/usr/local/share/:/usr/share/:/var/lib/snapd/desktop', 'PYTHONPATH': '/home/robotics/pruebaservicio/ros2_ws/install/mi_primer_paquete/lib/python3.12/site-packages:/opt/ros/jazzy/lib/python3.12/site-packages', 'COLCON': '1', 'MEMORY_PRESSURE_WRITE': 'c29tZSAyMDAwMDAgMjAwMDAwMAA=', 'VTE_VERSION': '7600', 'CMAKE_PREFIX_PATH': '/home/robotics/pruebaservicio/ros2_ws/install/micro_ros_agent:/opt/ros/jazzy/opt/sdformat_vendor:/opt/ros/jazzy/opt/gz_math_vendor:/opt/ros/jazzy/opt/gz_utils_vendor:/opt/ros/jazzy/opt/gz_tools_vendor:/opt/ros/jazzy/opt/gz_cmake_vendor:/home/robotics/pruebaservicio/ros2_ws/install/mi_primer_paquete:/opt/ros/jazzy'}), 'shell': False}
[5.587024] (-) TimerEvent: {}
[5.588878] (micro_ros_msgs) StdoutLine: {'line': b'-- Install configuration: ""\n'}
[5.589108] (micro_ros_msgs) StdoutLine: {'line': b'-- Installing: /home/robotics/pruebaservicio/ros2_ws/install/micro_ros_msgs/share/ament_index/resource_index/rosidl_interfaces/micro_ros_msgs\n'}
[5.589257] (micro_ros_msgs) StdoutLine: {'line': b'-- Installing: /home/robotics/pruebaservicio/ros2_ws/install/micro_ros_msgs/share/micro_ros_msgs/msg/Graph.json\n'}
[5.589368] (micro_ros_msgs) StdoutLine: {'line': b'-- Installing: /home/robotics/pruebaservicio/ros2_ws/install/micro_ros_msgs/share/micro_ros_msgs/msg/Node.json\n'}
[5.589526] (micro_ros_msgs) StdoutLine: {'line': b'-- Installing: /home/robotics/pruebaservicio/ros2_ws/install/micro_ros_msgs/share/micro_ros_msgs/msg/Entity.json\n'}
[5.589780] (micro_ros_msgs) StdoutLine: {'line': b'-- Installing: /home/robotics/pruebaservicio/ros2_ws/install/micro_ros_msgs/include/micro_ros_msgs/micro_ros_msgs\n'}
[5.589920] (micro_ros_msgs) StdoutLine: {'line': b'-- Installing: /home/robotics/pruebaservicio/ros2_ws/install/micro_ros_msgs/include/micro_ros_msgs/micro_ros_msgs/msg\n'}
[5.590022] (micro_ros_msgs) StdoutLine: {'line': b'-- Installing: /home/robotics/pruebaservicio/ros2_ws/install/micro_ros_msgs/include/micro_ros_msgs/micro_ros_msgs/msg/graph.h\n'}
[5.590119] (micro_ros_msgs) StdoutLine: {'line': b'-- Installing: /home/robotics/pruebaservicio/ros2_ws/install/micro_ros_msgs/include/micro_ros_msgs/micro_ros_msgs/msg/entity.h\n'}
[5.590221] (micro_ros_msgs) StdoutLine: {'line': b'-- Installing: /home/robotics/pruebaservicio/ros2_ws/install/micro_ros_msgs/include/micro_ros_msgs/micro_ros_msgs/msg/detail\n'}
[5.590311] (micro_ros_msgs) StdoutLine: {'line': b'-- Installing: /home/robotics/pruebaservicio/ros2_ws/install/micro_ros_msgs/include/micro_ros_msgs/micro_ros_msgs/msg/detail/entity__functions.h\n'}
[5.590408] (micro_ros_msgs) StdoutLine: {'line': b'-- Installing: /home/robotics/pruebaservicio/ros2_ws/install/micro_ros_msgs/include/micro_ros_msgs/micro_ros_msgs/msg/detail/graph__description.c\n'}
[5.590503] (micro_ros_msgs) StdoutLine: {'line': b'-- Installing: /home/robotics/pruebaservicio/ros2_ws/install/micro_ros_msgs/include/micro_ros_msgs/micro_ros_msgs/msg/detail/graph__type_support.h\n'}
[5.590606] (micro_ros_msgs) StdoutLine: {'line': b'-- Installing: /home/robotics/pruebaservicio/ros2_ws/install/micro_ros_msgs/include/micro_ros_msgs/micro_ros_msgs/msg/detail/graph__functions.c\n'}
[5.590715] (micro_ros_msgs) StdoutLine: {'line': b'-- Installing: /home/robotics/pruebaservicio/ros2_ws/install/micro_ros_msgs/include/micro_ros_msgs/micro_ros_msgs/msg/detail/graph__functions.h\n'}
[5.590807] (micro_ros_msgs) StdoutLine: {'line': b'-- Installing: /home/robotics/pruebaservicio/ros2_ws/install/micro_ros_msgs/include/micro_ros_msgs/micro_ros_msgs/msg/detail/graph__struct.h\n'}
[5.590897] (micro_ros_msgs) StdoutLine: {'line': b'-- Installing: /home/robotics/pruebaservicio/ros2_ws/install/micro_ros_msgs/include/micro_ros_msgs/micro_ros_msgs/msg/detail/entity__type_support.h\n'}
[5.590987] (micro_ros_msgs) StdoutLine: {'line': b'-- Installing: /home/robotics/pruebaservicio/ros2_ws/install/micro_ros_msgs/include/micro_ros_msgs/micro_ros_msgs/msg/detail/graph__type_support.c\n'}
[5.591064] (micro_ros_msgs) StdoutLine: {'line': b'-- Installing: /home/robotics/pruebaservicio/ros2_ws/install/micro_ros_msgs/include/micro_ros_msgs/micro_ros_msgs/msg/detail/node__functions.h\n'}
[5.591142] (micro_ros_msgs) StdoutLine: {'line': b'-- Installing: /home/robotics/pruebaservicio/ros2_ws/install/micro_ros_msgs/include/micro_ros_msgs/micro_ros_msgs/msg/detail/node__functions.c\n'}
[5.591291] (micro_ros_msgs) StdoutLine: {'line': b'-- Installing: /home/robotics/pruebaservicio/ros2_ws/install/micro_ros_msgs/include/micro_ros_msgs/micro_ros_msgs/msg/detail/node__description.c\n'}
[5.591395] (micro_ros_msgs) StdoutLine: {'line': b'-- Installing: /home/robotics/pruebaservicio/ros2_ws/install/micro_ros_msgs/include/micro_ros_msgs/micro_ros_msgs/msg/detail/entity__description.c\n'}
[5.591510] (micro_ros_msgs) StdoutLine: {'line': b'-- Installing: /home/robotics/pruebaservicio/ros2_ws/install/micro_ros_msgs/include/micro_ros_msgs/micro_ros_msgs/msg/detail/entity__type_support.c\n'}
[5.591600] (micro_ros_msgs) StdoutLine: {'line': b'-- Installing: /home/robotics/pruebaservicio/ros2_ws/install/micro_ros_msgs/include/micro_ros_msgs/micro_ros_msgs/msg/detail/node__type_support.c\n'}
[5.591679] (micro_ros_msgs) StdoutLine: {'line': b'-- Installing: /home/robotics/pruebaservicio/ros2_ws/install/micro_ros_msgs/include/micro_ros_msgs/micro_ros_msgs/msg/detail/entity__functions.c\n'}
[5.591769] (micro_ros_msgs) StdoutLine: {'line': b'-- Installing: /home/robotics/pruebaservicio/ros2_ws/install/micro_ros_msgs/include/micro_ros_msgs/micro_ros_msgs/msg/detail/node__type_support.h\n'}
[5.591844] (micro_ros_msgs) StdoutLine: {'line': b'-- Installing: /home/robotics/pruebaservicio/ros2_ws/install/micro_ros_msgs/include/micro_ros_msgs/micro_ros_msgs/msg/detail/entity__struct.h\n'}
[5.591932] (micro_ros_msgs) StdoutLine: {'line': b'-- Installing: /home/robotics/pruebaservicio/ros2_ws/install/micro_ros_msgs/include/micro_ros_msgs/micro_ros_msgs/msg/detail/node__struct.h\n'}
[5.592020] (micro_ros_msgs) StdoutLine: {'line': b'-- Installing: /home/robotics/pruebaservicio/ros2_ws/install/micro_ros_msgs/include/micro_ros_msgs/micro_ros_msgs/msg/node.h\n'}
[5.592097] (micro_ros_msgs) StdoutLine: {'line': b'-- Installing: /home/robotics/pruebaservicio/ros2_ws/install/micro_ros_msgs/include/micro_ros_msgs/micro_ros_msgs/msg/rosidl_generator_c__visibility_control.h\n'}
[5.592186] (micro_ros_msgs) StdoutLine: {'line': b'-- Installing: /home/robotics/pruebaservicio/ros2_ws/install/micro_ros_msgs/share/micro_ros_msgs/environment/library_path.sh\n'}
[5.592259] (micro_ros_msgs) StdoutLine: {'line': b'-- Installing: /home/robotics/pruebaservicio/ros2_ws/install/micro_ros_msgs/share/micro_ros_msgs/environment/library_path.dsv\n'}
[5.592341] (micro_ros_msgs) StdoutLine: {'line': b'-- Installing: /home/robotics/pruebaservicio/ros2_ws/install/micro_ros_msgs/lib/libmicro_ros_msgs__rosidl_generator_c.so\n'}
[5.592605] (micro_ros_msgs) StdoutLine: {'line': b'-- Set non-toolchain portion of runtime path of "/home/robotics/pruebaservicio/ros2_ws/install/micro_ros_msgs/lib/libmicro_ros_msgs__rosidl_generator_c.so" to ""\n'}
[5.592751] (micro_ros_msgs) StdoutLine: {'line': b'-- Up-to-date: /home/robotics/pruebaservicio/ros2_ws/install/micro_ros_msgs/include/micro_ros_msgs/micro_ros_msgs\n'}
[5.592863] (micro_ros_msgs) StdoutLine: {'line': b'-- Up-to-date: /home/robotics/pruebaservicio/ros2_ws/install/micro_ros_msgs/include/micro_ros_msgs/micro_ros_msgs/msg\n'}
[5.593009] (micro_ros_msgs) StdoutLine: {'line': b'-- Up-to-date: /home/robotics/pruebaservicio/ros2_ws/install/micro_ros_msgs/include/micro_ros_msgs/micro_ros_msgs/msg/detail\n'}
[5.593167] (micro_ros_msgs) StdoutLine: {'line': b'-- Installing: /home/robotics/pruebaservicio/ros2_ws/install/micro_ros_msgs/include/micro_ros_msgs/micro_ros_msgs/msg/detail/node__rosidl_typesupport_fastrtps_c.h\n'}
[5.593247] (micro_ros_msgs) StdoutLine: {'line': b'-- Installing: /home/robotics/pruebaservicio/ros2_ws/install/micro_ros_msgs/include/micro_ros_msgs/micro_ros_msgs/msg/detail/entity__rosidl_typesupport_fastrtps_c.h\n'}
[5.593325] (micro_ros_msgs) StdoutLine: {'line': b'-- Installing: /home/robotics/pruebaservicio/ros2_ws/install/micro_ros_msgs/include/micro_ros_msgs/micro_ros_msgs/msg/detail/graph__rosidl_typesupport_fastrtps_c.h\n'}
[5.593411] (micro_ros_msgs) StdoutLine: {'line': b'-- Installing: /home/robotics/pruebaservicio/ros2_ws/install/micro_ros_msgs/include/micro_ros_msgs/micro_ros_msgs/msg/rosidl_typesupport_fastrtps_c__visibility_control.h\n'}
[5.593488] (micro_ros_msgs) StdoutLine: {'line': b'-- Installing: /home/robotics/pruebaservicio/ros2_ws/install/micro_ros_msgs/lib/libmicro_ros_msgs__rosidl_typesupport_fastrtps_c.so\n'}
[5.593605] (micro_ros_msgs) StdoutLine: {'line': b'-- Set non-toolchain portion of runtime path of "/home/robotics/pruebaservicio/ros2_ws/install/micro_ros_msgs/lib/libmicro_ros_msgs__rosidl_typesupport_fastrtps_c.so" to ""\n'}
[5.593698] (micro_ros_msgs) StdoutLine: {'line': b'-- Up-to-date: /home/robotics/pruebaservicio/ros2_ws/install/micro_ros_msgs/include/micro_ros_msgs/micro_ros_msgs\n'}
[5.593789] (micro_ros_msgs) StdoutLine: {'line': b'-- Up-to-date: /home/robotics/pruebaservicio/ros2_ws/install/micro_ros_msgs/include/micro_ros_msgs/micro_ros_msgs/msg\n'}
[5.593882] (micro_ros_msgs) StdoutLine: {'line': b'-- Up-to-date: /home/robotics/pruebaservicio/ros2_ws/install/micro_ros_msgs/include/micro_ros_msgs/micro_ros_msgs/msg/detail\n'}
[5.593975] (micro_ros_msgs) StdoutLine: {'line': b'-- Installing: /home/robotics/pruebaservicio/ros2_ws/install/micro_ros_msgs/include/micro_ros_msgs/micro_ros_msgs/msg/detail/entity__rosidl_typesupport_introspection_c.h\n'}
[5.594059] (micro_ros_msgs) StdoutLine: {'line': b'-- Installing: /home/robotics/pruebaservicio/ros2_ws/install/micro_ros_msgs/include/micro_ros_msgs/micro_ros_msgs/msg/detail/graph__rosidl_typesupport_introspection_c.h\n'}
[5.594139] (micro_ros_msgs) StdoutLine: {'line': b'-- Installing: /home/robotics/pruebaservicio/ros2_ws/install/micro_ros_msgs/include/micro_ros_msgs/micro_ros_msgs/msg/detail/graph__type_support.c\n'}
[5.594231] (micro_ros_msgs) StdoutLine: {'line': b'-- Installing: /home/robotics/pruebaservicio/ros2_ws/install/micro_ros_msgs/include/micro_ros_msgs/micro_ros_msgs/msg/detail/entity__type_support.c\n'}
[5.594320] (micro_ros_msgs) StdoutLine: {'line': b'-- Installing: /home/robotics/pruebaservicio/ros2_ws/install/micro_ros_msgs/include/micro_ros_msgs/micro_ros_msgs/msg/detail/node__type_support.c\n'}
[5.594416] (micro_ros_msgs) StdoutLine: {'line': b'-- Installing: /home/robotics/pruebaservicio/ros2_ws/install/micro_ros_msgs/include/micro_ros_msgs/micro_ros_msgs/msg/detail/node__rosidl_typesupport_introspection_c.h\n'}
[5.594498] (micro_ros_msgs) StdoutLine: {'line': b'-- Installing: /home/robotics/pruebaservicio/ros2_ws/install/micro_ros_msgs/include/micro_ros_msgs/micro_ros_msgs/msg/rosidl_typesupport_introspection_c__visibility_control.h\n'}
[5.594578] (micro_ros_msgs) StdoutLine: {'line': b'-- Installing: /home/robotics/pruebaservicio/ros2_ws/install/micro_ros_msgs/lib/libmicro_ros_msgs__rosidl_typesupport_introspection_c.so\n'}
[5.594738] (micro_ros_msgs) StdoutLine: {'line': b'-- Set non-toolchain portion of runtime path of "/home/robotics/pruebaservicio/ros2_ws/install/micro_ros_msgs/lib/libmicro_ros_msgs__rosidl_typesupport_introspection_c.so" to ""\n'}
[5.594872] (micro_ros_msgs) StdoutLine: {'line': b'-- Installing: /home/robotics/pruebaservicio/ros2_ws/install/micro_ros_msgs/lib/libmicro_ros_msgs__rosidl_typesupport_c.so\n'}
[5.595038] (micro_ros_msgs) StdoutLine: {'line': b'-- Set non-toolchain portion of runtime path of "/home/robotics/pruebaservicio/ros2_ws/install/micro_ros_msgs/lib/libmicro_ros_msgs__rosidl_typesupport_c.so" to ""\n'}
[5.595152] (micro_ros_msgs) StdoutLine: {'line': b'-- Up-to-date: /home/robotics/pruebaservicio/ros2_ws/install/micro_ros_msgs/include/micro_ros_msgs/micro_ros_msgs\n'}
[5.595251] (micro_ros_msgs) StdoutLine: {'line': b'-- Up-to-date: /home/robotics/pruebaservicio/ros2_ws/install/micro_ros_msgs/include/micro_ros_msgs/micro_ros_msgs/msg\n'}
[5.595346] (micro_ros_msgs) StdoutLine: {'line': b'-- Up-to-date: /home/robotics/pruebaservicio/ros2_ws/install/micro_ros_msgs/include/micro_ros_msgs/micro_ros_msgs/msg/detail\n'}
[5.595446] (micro_ros_msgs) StdoutLine: {'line': b'-- Installing: /home/robotics/pruebaservicio/ros2_ws/install/micro_ros_msgs/include/micro_ros_msgs/micro_ros_msgs/msg/detail/entity__traits.hpp\n'}
[5.595547] (micro_ros_msgs) StdoutLine: {'line': b'-- Installing: /home/robotics/pruebaservicio/ros2_ws/install/micro_ros_msgs/include/micro_ros_msgs/micro_ros_msgs/msg/detail/graph__struct.hpp\n'}
[5.595636] (micro_ros_msgs) StdoutLine: {'line': b'-- Installing: /home/robotics/pruebaservicio/ros2_ws/install/micro_ros_msgs/include/micro_ros_msgs/micro_ros_msgs/msg/detail/graph__traits.hpp\n'}
[5.595726] (micro_ros_msgs) StdoutLine: {'line': b'-- Installing: /home/robotics/pruebaservicio/ros2_ws/install/micro_ros_msgs/include/micro_ros_msgs/micro_ros_msgs/msg/detail/entity__struct.hpp\n'}
[5.595814] (micro_ros_msgs) StdoutLine: {'line': b'-- Installing: /home/robotics/pruebaservicio/ros2_ws/install/micro_ros_msgs/include/micro_ros_msgs/micro_ros_msgs/msg/detail/graph__type_support.hpp\n'}
[5.595907] (micro_ros_msgs) StdoutLine: {'line': b'-- Installing: /home/robotics/pruebaservicio/ros2_ws/install/micro_ros_msgs/include/micro_ros_msgs/micro_ros_msgs/msg/detail/entity__type_support.hpp\n'}
[5.595997] (micro_ros_msgs) StdoutLine: {'line': b'-- Installing: /home/robotics/pruebaservicio/ros2_ws/install/micro_ros_msgs/include/micro_ros_msgs/micro_ros_msgs/msg/detail/graph__builder.hpp\n'}
[5.596087] (micro_ros_msgs) StdoutLine: {'line': b'-- Installing: /home/robotics/pruebaservicio/ros2_ws/install/micro_ros_msgs/include/micro_ros_msgs/micro_ros_msgs/msg/detail/node__struct.hpp\n'}
[5.596177] (micro_ros_msgs) StdoutLine: {'line': b'-- Installing: /home/robotics/pruebaservicio/ros2_ws/install/micro_ros_msgs/include/micro_ros_msgs/micro_ros_msgs/msg/detail/node__traits.hpp\n'}
[5.596264] (micro_ros_msgs) StdoutLine: {'line': b'-- Installing: /home/robotics/pruebaservicio/ros2_ws/install/micro_ros_msgs/include/micro_ros_msgs/micro_ros_msgs/msg/detail/node__type_support.hpp\n'}
[5.596356] (micro_ros_msgs) StdoutLine: {'line': b'-- Installing: /home/robotics/pruebaservicio/ros2_ws/install/micro_ros_msgs/include/micro_ros_msgs/micro_ros_msgs/msg/detail/entity__builder.hpp\n'}
[5.596456] (micro_ros_msgs) StdoutLine: {'line': b'-- Installing: /home/robotics/pruebaservicio/ros2_ws/install/micro_ros_msgs/include/micro_ros_msgs/micro_ros_msgs/msg/detail/node__builder.hpp\n'}
[5.596548] (micro_ros_msgs) StdoutLine: {'line': b'-- Installing: /home/robotics/pruebaservicio/ros2_ws/install/micro_ros_msgs/include/micro_ros_msgs/micro_ros_msgs/msg/rosidl_generator_cpp__visibility_control.hpp\n'}
[5.596634] (micro_ros_msgs) StdoutLine: {'line': b'-- Installing: /home/robotics/pruebaservicio/ros2_ws/install/micro_ros_msgs/include/micro_ros_msgs/micro_ros_msgs/msg/entity.hpp\n'}
[5.596742] (micro_ros_msgs) StdoutLine: {'line': b'-- Installing: /home/robotics/pruebaservicio/ros2_ws/install/micro_ros_msgs/include/micro_ros_msgs/micro_ros_msgs/msg/node.hpp\n'}
[5.596823] (micro_ros_msgs) StdoutLine: {'line': b'-- Installing: /home/robotics/pruebaservicio/ros2_ws/install/micro_ros_msgs/include/micro_ros_msgs/micro_ros_msgs/msg/graph.hpp\n'}
[5.596916] (micro_ros_msgs) StdoutLine: {'line': b'-- Up-to-date: /home/robotics/pruebaservicio/ros2_ws/install/micro_ros_msgs/include/micro_ros_msgs/micro_ros_msgs\n'}
[5.597007] (micro_ros_msgs) StdoutLine: {'line': b'-- Up-to-date: /home/robotics/pruebaservicio/ros2_ws/install/micro_ros_msgs/include/micro_ros_msgs/micro_ros_msgs/msg\n'}
[5.597097] (micro_ros_msgs) StdoutLine: {'line': b'-- Installing: /home/robotics/pruebaservicio/ros2_ws/install/micro_ros_msgs/include/micro_ros_msgs/micro_ros_msgs/msg/rosidl_typesupport_fastrtps_cpp__visibility_control.h\n'}
[5.597188] (micro_ros_msgs) StdoutLine: {'line': b'-- Up-to-date: /home/robotics/pruebaservicio/ros2_ws/install/micro_ros_msgs/include/micro_ros_msgs/micro_ros_msgs/msg/detail\n'}
[5.597274] (micro_ros_msgs) StdoutLine: {'line': b'-- Installing: /home/robotics/pruebaservicio/ros2_ws/install/micro_ros_msgs/include/micro_ros_msgs/micro_ros_msgs/msg/detail/node__rosidl_typesupport_fastrtps_cpp.hpp\n'}
[5.597349] (micro_ros_msgs) StdoutLine: {'line': b'-- Installing: /home/robotics/pruebaservicio/ros2_ws/install/micro_ros_msgs/include/micro_ros_msgs/micro_ros_msgs/msg/detail/graph__rosidl_typesupport_fastrtps_cpp.hpp\n'}
[5.597432] (micro_ros_msgs) StdoutLine: {'line': b'-- Installing: /home/robotics/pruebaservicio/ros2_ws/install/micro_ros_msgs/include/micro_ros_msgs/micro_ros_msgs/msg/detail/dds_fastrtps\n'}
[5.597509] (micro_ros_msgs) StdoutLine: {'line': b'-- Installing: /home/robotics/pruebaservicio/ros2_ws/install/micro_ros_msgs/include/micro_ros_msgs/micro_ros_msgs/msg/detail/entity__rosidl_typesupport_fastrtps_cpp.hpp\n'}
[5.597586] (micro_ros_msgs) StdoutLine: {'line': b'-- Installing: /home/robotics/pruebaservicio/ros2_ws/install/micro_ros_msgs/lib/libmicro_ros_msgs__rosidl_typesupport_fastrtps_cpp.so\n'}
[5.597814] (micro_ros_msgs) StdoutLine: {'line': b'-- Set non-toolchain portion of runtime path of "/home/robotics/pruebaservicio/ros2_ws/install/micro_ros_msgs/lib/libmicro_ros_msgs__rosidl_typesupport_fastrtps_cpp.so" to ""\n'}
[5.597958] (micro_ros_msgs) StdoutLine: {'line': b'-- Up-to-date: /home/robotics/pruebaservicio/ros2_ws/install/micro_ros_msgs/include/micro_ros_msgs/micro_ros_msgs\n'}
[5.598074] (micro_ros_msgs) StdoutLine: {'line': b'-- Up-to-date: /home/robotics/pruebaservicio/ros2_ws/install/micro_ros_msgs/include/micro_ros_msgs/micro_ros_msgs/msg\n'}
[5.598172] (micro_ros_msgs) StdoutLine: {'line': b'-- Up-to-date: /home/robotics/pruebaservicio/ros2_ws/install/micro_ros_msgs/include/micro_ros_msgs/micro_ros_msgs/msg/detail\n'}
[5.598268] (micro_ros_msgs) StdoutLine: {'line': b'-- Installing: /home/robotics/pruebaservicio/ros2_ws/install/micro_ros_msgs/include/micro_ros_msgs/micro_ros_msgs/msg/detail/entity__type_support.cpp\n'}
[5.598361] (micro_ros_msgs) StdoutLine: {'line': b'-- Installing: /home/robotics/pruebaservicio/ros2_ws/install/micro_ros_msgs/include/micro_ros_msgs/micro_ros_msgs/msg/detail/node__type_support.cpp\n'}
[5.598449] (micro_ros_msgs) StdoutLine: {'line': b'-- Installing: /home/robotics/pruebaservicio/ros2_ws/install/micro_ros_msgs/include/micro_ros_msgs/micro_ros_msgs/msg/detail/node__rosidl_typesupport_introspection_cpp.hpp\n'}
[5.598526] (micro_ros_msgs) StdoutLine: {'line': b'-- Installing: /home/robotics/pruebaservicio/ros2_ws/install/micro_ros_msgs/include/micro_ros_msgs/micro_ros_msgs/msg/detail/graph__type_support.cpp\n'}
[5.598619] (micro_ros_msgs) StdoutLine: {'line': b'-- Installing: /home/robotics/pruebaservicio/ros2_ws/install/micro_ros_msgs/include/micro_ros_msgs/micro_ros_msgs/msg/detail/graph__rosidl_typesupport_introspection_cpp.hpp\n'}
[5.598703] (micro_ros_msgs) StdoutLine: {'line': b'-- Installing: /home/robotics/pruebaservicio/ros2_ws/install/micro_ros_msgs/include/micro_ros_msgs/micro_ros_msgs/msg/detail/entity__rosidl_typesupport_introspection_cpp.hpp\n'}
[5.598781] (micro_ros_msgs) StdoutLine: {'line': b'-- Installing: /home/robotics/pruebaservicio/ros2_ws/install/micro_ros_msgs/lib/libmicro_ros_msgs__rosidl_typesupport_introspection_cpp.so\n'}
[5.598979] (micro_ros_msgs) StdoutLine: {'line': b'-- Set non-toolchain portion of runtime path of "/home/robotics/pruebaservicio/ros2_ws/install/micro_ros_msgs/lib/libmicro_ros_msgs__rosidl_typesupport_introspection_cpp.so" to ""\n'}
[5.599072] (micro_ros_msgs) StdoutLine: {'line': b'-- Installing: /home/robotics/pruebaservicio/ros2_ws/install/micro_ros_msgs/lib/libmicro_ros_msgs__rosidl_typesupport_cpp.so\n'}
[5.599373] (micro_ros_msgs) StdoutLine: {'line': b'-- Set non-toolchain portion of runtime path of "/home/robotics/pruebaservicio/ros2_ws/install/micro_ros_msgs/lib/libmicro_ros_msgs__rosidl_typesupport_cpp.so" to ""\n'}
[5.599534] (micro_ros_msgs) StdoutLine: {'line': b'-- Installing: /home/robotics/pruebaservicio/ros2_ws/install/micro_ros_msgs/share/micro_ros_msgs/environment/pythonpath.sh\n'}
[5.599669] (micro_ros_msgs) StdoutLine: {'line': b'-- Installing: /home/robotics/pruebaservicio/ros2_ws/install/micro_ros_msgs/share/micro_ros_msgs/environment/pythonpath.dsv\n'}
[5.599757] (micro_ros_msgs) StdoutLine: {'line': b'-- Installing: /home/robotics/pruebaservicio/ros2_ws/install/micro_ros_msgs/lib/python3.12/site-packages/micro_ros_msgs-5.0.2-py3.12.egg-info\n'}
[5.599866] (micro_ros_msgs) StdoutLine: {'line': b'-- Installing: /home/robotics/pruebaservicio/ros2_ws/install/micro_ros_msgs/lib/python3.12/site-packages/micro_ros_msgs-5.0.2-py3.12.egg-info/PKG-INFO\n'}
[5.599964] (micro_ros_msgs) StdoutLine: {'line': b'-- Installing: /home/robotics/pruebaservicio/ros2_ws/install/micro_ros_msgs/lib/python3.12/site-packages/micro_ros_msgs-5.0.2-py3.12.egg-info/top_level.txt\n'}
[5.600058] (micro_ros_msgs) StdoutLine: {'line': b'-- Installing: /home/robotics/pruebaservicio/ros2_ws/install/micro_ros_msgs/lib/python3.12/site-packages/micro_ros_msgs-5.0.2-py3.12.egg-info/SOURCES.txt\n'}
[5.600149] (micro_ros_msgs) StdoutLine: {'line': b'-- Installing: /home/robotics/pruebaservicio/ros2_ws/install/micro_ros_msgs/lib/python3.12/site-packages/micro_ros_msgs-5.0.2-py3.12.egg-info/dependency_links.txt\n'}
[5.600240] (micro_ros_msgs) StdoutLine: {'line': b'-- Installing: /home/robotics/pruebaservicio/ros2_ws/install/micro_ros_msgs/lib/python3.12/site-packages/micro_ros_msgs\n'}
[5.600333] (micro_ros_msgs) StdoutLine: {'line': b'-- Installing: /home/robotics/pruebaservicio/ros2_ws/install/micro_ros_msgs/lib/python3.12/site-packages/micro_ros_msgs/__init__.py\n'}
[5.600435] (micro_ros_msgs) StdoutLine: {'line': b'-- Installing: /home/robotics/pruebaservicio/ros2_ws/install/micro_ros_msgs/lib/python3.12/site-packages/micro_ros_msgs/msg\n'}
[5.600525] (micro_ros_msgs) StdoutLine: {'line': b'-- Installing: /home/robotics/pruebaservicio/ros2_ws/install/micro_ros_msgs/lib/python3.12/site-packages/micro_ros_msgs/msg/_entity.py\n'}
[5.600601] (micro_ros_msgs) StdoutLine: {'line': b'-- Installing: /home/robotics/pruebaservicio/ros2_ws/install/micro_ros_msgs/lib/python3.12/site-packages/micro_ros_msgs/msg/__init__.py\n'}
[5.600751] (micro_ros_msgs) StdoutLine: {'line': b'-- Installing: /home/robotics/pruebaservicio/ros2_ws/install/micro_ros_msgs/lib/python3.12/site-packages/micro_ros_msgs/msg/_graph.py\n'}
[5.600840] (micro_ros_msgs) StdoutLine: {'line': b'-- Installing: /home/robotics/pruebaservicio/ros2_ws/install/micro_ros_msgs/lib/python3.12/site-packages/micro_ros_msgs/msg/_entity_s.c\n'}
[5.600931] (micro_ros_msgs) StdoutLine: {'line': b'-- Installing: /home/robotics/pruebaservicio/ros2_ws/install/micro_ros_msgs/lib/python3.12/site-packages/micro_ros_msgs/msg/_node_s.c\n'}
[5.601029] (micro_ros_msgs) StdoutLine: {'line': b'-- Installing: /home/robotics/pruebaservicio/ros2_ws/install/micro_ros_msgs/lib/python3.12/site-packages/micro_ros_msgs/msg/_node.py\n'}
[5.601119] (micro_ros_msgs) StdoutLine: {'line': b'-- Installing: /home/robotics/pruebaservicio/ros2_ws/install/micro_ros_msgs/lib/python3.12/site-packages/micro_ros_msgs/msg/_graph_s.c\n'}
[5.601210] (micro_ros_msgs) StdoutLine: {'line': b'-- Installing: /home/robotics/pruebaservicio/ros2_ws/install/micro_ros_msgs/lib/python3.12/site-packages/micro_ros_msgs/_micro_ros_msgs_s.ep.rosidl_typesupport_fastrtps_c.c\n'}
[5.601301] (micro_ros_msgs) StdoutLine: {'line': b'-- Installing: /home/robotics/pruebaservicio/ros2_ws/install/micro_ros_msgs/lib/python3.12/site-packages/micro_ros_msgs/_micro_ros_msgs_s.ep.rosidl_typesupport_c.c\n'}
[5.601394] (micro_ros_msgs) StdoutLine: {'line': b'-- Installing: /home/robotics/pruebaservicio/ros2_ws/install/micro_ros_msgs/lib/python3.12/site-packages/micro_ros_msgs/micro_ros_msgs_s__rosidl_typesupport_introspection_c.so\n'}
[5.601473] (micro_ros_msgs) StdoutLine: {'line': b'-- Installing: /home/robotics/pruebaservicio/ros2_ws/install/micro_ros_msgs/lib/python3.12/site-packages/micro_ros_msgs/_micro_ros_msgs_s.ep.rosidl_typesupport_introspection_c.c\n'}
[5.601574] (micro_ros_msgs) StdoutLine: {'line': b'-- Installing: /home/robotics/pruebaservicio/ros2_ws/install/micro_ros_msgs/lib/python3.12/site-packages/micro_ros_msgs/micro_ros_msgs_s__rosidl_typesupport_fastrtps_c.so\n'}
[5.601683] (micro_ros_msgs) StdoutLine: {'line': b'-- Installing: /home/robotics/pruebaservicio/ros2_ws/install/micro_ros_msgs/lib/python3.12/site-packages/micro_ros_msgs/micro_ros_msgs_s__rosidl_typesupport_c.so\n'}
[5.645913] (micro_ros_msgs) StdoutLine: {'line': b"Listing '/home/robotics/pruebaservicio/ros2_ws/install/micro_ros_msgs/lib/python3.12/site-packages/micro_ros_msgs'...\n"}
[5.646058] (micro_ros_msgs) StdoutLine: {'line': b"Compiling '/home/robotics/pruebaservicio/ros2_ws/install/micro_ros_msgs/lib/python3.12/site-packages/micro_ros_msgs/__init__.py'...\n"}
[5.646137] (micro_ros_msgs) StdoutLine: {'line': b"Listing '/home/robotics/pruebaservicio/ros2_ws/install/micro_ros_msgs/lib/python3.12/site-packages/micro_ros_msgs/msg'...\n"}
[5.646238] (micro_ros_msgs) StdoutLine: {'line': b"Compiling '/home/robotics/pruebaservicio/ros2_ws/install/micro_ros_msgs/lib/python3.12/site-packages/micro_ros_msgs/msg/__init__.py'...\n"}
[5.646310] (micro_ros_msgs) StdoutLine: {'line': b"Compiling '/home/robotics/pruebaservicio/ros2_ws/install/micro_ros_msgs/lib/python3.12/site-packages/micro_ros_msgs/msg/_entity.py'...\n"}
[5.646402] (micro_ros_msgs) StdoutLine: {'line': b"Compiling '/home/robotics/pruebaservicio/ros2_ws/install/micro_ros_msgs/lib/python3.12/site-packages/micro_ros_msgs/msg/_graph.py'...\n"}
[5.646475] (micro_ros_msgs) StdoutLine: {'line': b"Compiling '/home/robotics/pruebaservicio/ros2_ws/install/micro_ros_msgs/lib/python3.12/site-packages/micro_ros_msgs/msg/_node.py'...\n"}
[5.650703] (micro_ros_msgs) StdoutLine: {'line': b'-- Installing: /home/robotics/pruebaservicio/ros2_ws/install/micro_ros_msgs/lib/python3.12/site-packages/micro_ros_msgs/micro_ros_msgs_s__rosidl_typesupport_fastrtps_c.so\n'}
[5.650962] (micro_ros_msgs) StdoutLine: {'line': b'-- Set non-toolchain portion of runtime path of "/home/robotics/pruebaservicio/ros2_ws/install/micro_ros_msgs/lib/python3.12/site-packages/micro_ros_msgs/micro_ros_msgs_s__rosidl_typesupport_fastrtps_c.so" to ""\n'}
[5.651142] (micro_ros_msgs) StdoutLine: {'line': b'-- Installing: /home/robotics/pruebaservicio/ros2_ws/install/micro_ros_msgs/lib/python3.12/site-packages/micro_ros_msgs/micro_ros_msgs_s__rosidl_typesupport_introspection_c.so\n'}
[5.651354] (micro_ros_msgs) StdoutLine: {'line': b'-- Set non-toolchain portion of runtime path of "/home/robotics/pruebaservicio/ros2_ws/install/micro_ros_msgs/lib/python3.12/site-packages/micro_ros_msgs/micro_ros_msgs_s__rosidl_typesupport_introspection_c.so" to ""\n'}
[5.651548] (micro_ros_msgs) StdoutLine: {'line': b'-- Installing: /home/robotics/pruebaservicio/ros2_ws/install/micro_ros_msgs/lib/python3.12/site-packages/micro_ros_msgs/micro_ros_msgs_s__rosidl_typesupport_c.so\n'}
[5.651843] (micro_ros_msgs) StdoutLine: {'line': b'-- Set non-toolchain portion of runtime path of "/home/robotics/pruebaservicio/ros2_ws/install/micro_ros_msgs/lib/python3.12/site-packages/micro_ros_msgs/micro_ros_msgs_s__rosidl_typesupport_c.so" to ""\n'}
[5.651975] (micro_ros_msgs) StdoutLine: {'line': b'-- Installing: /home/robotics/pruebaservicio/ros2_ws/install/micro_ros_msgs/lib/libmicro_ros_msgs__rosidl_generator_py.so\n'}
[5.652196] (micro_ros_msgs) StdoutLine: {'line': b'-- Set non-toolchain portion of runtime path of "/home/robotics/pruebaservicio/ros2_ws/install/micro_ros_msgs/lib/libmicro_ros_msgs__rosidl_generator_py.so" to ""\n'}
[5.652276] (micro_ros_msgs) StdoutLine: {'line': b'-- Installing: /home/robotics/pruebaservicio/ros2_ws/install/micro_ros_msgs/share/micro_ros_msgs/msg/Graph.idl\n'}
[5.652353] (micro_ros_msgs) StdoutLine: {'line': b'-- Installing: /home/robotics/pruebaservicio/ros2_ws/install/micro_ros_msgs/share/micro_ros_msgs/msg/Node.idl\n'}
[5.652437] (micro_ros_msgs) StdoutLine: {'line': b'-- Installing: /home/robotics/pruebaservicio/ros2_ws/install/micro_ros_msgs/share/micro_ros_msgs/msg/Entity.idl\n'}
[5.652512] (micro_ros_msgs) StdoutLine: {'line': b'-- Installing: /home/robotics/pruebaservicio/ros2_ws/install/micro_ros_msgs/share/micro_ros_msgs/msg/Graph.msg\n'}
[5.652592] (micro_ros_msgs) StdoutLine: {'line': b'-- Installing: /home/robotics/pruebaservicio/ros2_ws/install/micro_ros_msgs/share/micro_ros_msgs/msg/Node.msg\n'}
[5.652665] (micro_ros_msgs) StdoutLine: {'line': b'-- Installing: /home/robotics/pruebaservicio/ros2_ws/install/micro_ros_msgs/share/micro_ros_msgs/msg/Entity.msg\n'}
[5.652806] (micro_ros_msgs) StdoutLine: {'line': b'-- Installing: /home/robotics/pruebaservicio/ros2_ws/install/micro_ros_msgs/share/ament_index/resource_index/package_run_dependencies/micro_ros_msgs\n'}
[5.652952] (micro_ros_msgs) StdoutLine: {'line': b'-- Installing: /home/robotics/pruebaservicio/ros2_ws/install/micro_ros_msgs/share/ament_index/resource_index/parent_prefix_path/micro_ros_msgs\n'}
[5.653036] (micro_ros_msgs) StdoutLine: {'line': b'-- Installing: /home/robotics/pruebaservicio/ros2_ws/install/micro_ros_msgs/share/micro_ros_msgs/environment/ament_prefix_path.sh\n'}
[5.653111] (micro_ros_msgs) StdoutLine: {'line': b'-- Installing: /home/robotics/pruebaservicio/ros2_ws/install/micro_ros_msgs/share/micro_ros_msgs/environment/ament_prefix_path.dsv\n'}
[5.653183] (micro_ros_msgs) StdoutLine: {'line': b'-- Installing: /home/robotics/pruebaservicio/ros2_ws/install/micro_ros_msgs/share/micro_ros_msgs/environment/path.sh\n'}
[5.653261] (micro_ros_msgs) StdoutLine: {'line': b'-- Installing: /home/robotics/pruebaservicio/ros2_ws/install/micro_ros_msgs/share/micro_ros_msgs/environment/path.dsv\n'}
[5.653345] (micro_ros_msgs) StdoutLine: {'line': b'-- Installing: /home/robotics/pruebaservicio/ros2_ws/install/micro_ros_msgs/share/micro_ros_msgs/local_setup.bash\n'}
[5.653478] (micro_ros_msgs) StdoutLine: {'line': b'-- Installing: /home/robotics/pruebaservicio/ros2_ws/install/micro_ros_msgs/share/micro_ros_msgs/local_setup.sh\n'}
[5.653555] (micro_ros_msgs) StdoutLine: {'line': b'-- Installing: /home/robotics/pruebaservicio/ros2_ws/install/micro_ros_msgs/share/micro_ros_msgs/local_setup.zsh\n'}
[5.653634] (micro_ros_msgs) StdoutLine: {'line': b'-- Installing: /home/robotics/pruebaservicio/ros2_ws/install/micro_ros_msgs/share/micro_ros_msgs/local_setup.dsv\n'}
[5.653714] (micro_ros_msgs) StdoutLine: {'line': b'-- Installing: /home/robotics/pruebaservicio/ros2_ws/install/micro_ros_msgs/share/micro_ros_msgs/package.dsv\n'}
[5.653832] (micro_ros_msgs) StdoutLine: {'line': b'-- Installing: /home/robotics/pruebaservicio/ros2_ws/install/micro_ros_msgs/share/ament_index/resource_index/packages/micro_ros_msgs\n'}
[5.653982] (micro_ros_msgs) StdoutLine: {'line': b'-- Installing: /home/robotics/pruebaservicio/ros2_ws/install/micro_ros_msgs/share/micro_ros_msgs/cmake/export_micro_ros_msgs__rosidl_generator_cExport.cmake\n'}
[5.654071] (micro_ros_msgs) StdoutLine: {'line': b'-- Installing: /home/robotics/pruebaservicio/ros2_ws/install/micro_ros_msgs/share/micro_ros_msgs/cmake/export_micro_ros_msgs__rosidl_generator_cExport-noconfig.cmake\n'}
[5.654199] (micro_ros_msgs) StdoutLine: {'line': b'-- Installing: /home/robotics/pruebaservicio/ros2_ws/install/micro_ros_msgs/share/micro_ros_msgs/cmake/export_micro_ros_msgs__rosidl_typesupport_fastrtps_cExport.cmake\n'}
[5.654281] (micro_ros_msgs) StdoutLine: {'line': b'-- Installing: /home/robotics/pruebaservicio/ros2_ws/install/micro_ros_msgs/share/micro_ros_msgs/cmake/export_micro_ros_msgs__rosidl_typesupport_fastrtps_cExport-noconfig.cmake\n'}
[5.654384] (micro_ros_msgs) StdoutLine: {'line': b'-- Installing: /home/robotics/pruebaservicio/ros2_ws/install/micro_ros_msgs/share/micro_ros_msgs/cmake/micro_ros_msgs__rosidl_typesupport_introspection_cExport.cmake\n'}
[5.654496] (micro_ros_msgs) StdoutLine: {'line': b'-- Installing: /home/robotics/pruebaservicio/ros2_ws/install/micro_ros_msgs/share/micro_ros_msgs/cmake/micro_ros_msgs__rosidl_typesupport_introspection_cExport-noconfig.cmake\n'}
[5.654626] (micro_ros_msgs) StdoutLine: {'line': b'-- Installing: /home/robotics/pruebaservicio/ros2_ws/install/micro_ros_msgs/share/micro_ros_msgs/cmake/micro_ros_msgs__rosidl_typesupport_cExport.cmake\n'}
[5.654715] (micro_ros_msgs) StdoutLine: {'line': b'-- Installing: /home/robotics/pruebaservicio/ros2_ws/install/micro_ros_msgs/share/micro_ros_msgs/cmake/micro_ros_msgs__rosidl_typesupport_cExport-noconfig.cmake\n'}
[5.654818] (micro_ros_msgs) StdoutLine: {'line': b'-- Installing: /home/robotics/pruebaservicio/ros2_ws/install/micro_ros_msgs/share/micro_ros_msgs/cmake/export_micro_ros_msgs__rosidl_generator_cppExport.cmake\n'}
[5.654968] (micro_ros_msgs) StdoutLine: {'line': b'-- Installing: /home/robotics/pruebaservicio/ros2_ws/install/micro_ros_msgs/share/micro_ros_msgs/cmake/export_micro_ros_msgs__rosidl_typesupport_fastrtps_cppExport.cmake\n'}
[5.655079] (micro_ros_msgs) StdoutLine: {'line': b'-- Installing: /home/robotics/pruebaservicio/ros2_ws/install/micro_ros_msgs/share/micro_ros_msgs/cmake/export_micro_ros_msgs__rosidl_typesupport_fastrtps_cppExport-noconfig.cmake\n'}
[5.655214] (micro_ros_msgs) StdoutLine: {'line': b'-- Installing: /home/robotics/pruebaservicio/ros2_ws/install/micro_ros_msgs/share/micro_ros_msgs/cmake/micro_ros_msgs__rosidl_typesupport_introspection_cppExport.cmake\n'}
[5.655285] (micro_ros_msgs) StdoutLine: {'line': b'-- Installing: /home/robotics/pruebaservicio/ros2_ws/install/micro_ros_msgs/share/micro_ros_msgs/cmake/micro_ros_msgs__rosidl_typesupport_introspection_cppExport-noconfig.cmake\n'}
[5.655362] (micro_ros_msgs) StdoutLine: {'line': b'-- Installing: /home/robotics/pruebaservicio/ros2_ws/install/micro_ros_msgs/share/micro_ros_msgs/cmake/micro_ros_msgs__rosidl_typesupport_cppExport.cmake\n'}
[5.655513] (micro_ros_msgs) StdoutLine: {'line': b'-- Installing: /home/robotics/pruebaservicio/ros2_ws/install/micro_ros_msgs/share/micro_ros_msgs/cmake/micro_ros_msgs__rosidl_typesupport_cppExport-noconfig.cmake\n'}
[5.655621] (micro_ros_msgs) StdoutLine: {'line': b'-- Installing: /home/robotics/pruebaservicio/ros2_ws/install/micro_ros_msgs/share/micro_ros_msgs/cmake/export_micro_ros_msgs__rosidl_generator_pyExport.cmake\n'}
[5.655710] (micro_ros_msgs) StdoutLine: {'line': b'-- Installing: /home/robotics/pruebaservicio/ros2_ws/install/micro_ros_msgs/share/micro_ros_msgs/cmake/export_micro_ros_msgs__rosidl_generator_pyExport-noconfig.cmake\n'}
[5.655788] (micro_ros_msgs) StdoutLine: {'line': b'-- Installing: /home/robotics/pruebaservicio/ros2_ws/install/micro_ros_msgs/share/micro_ros_msgs/cmake/rosidl_cmake-extras.cmake\n'}
[5.655871] (micro_ros_msgs) StdoutLine: {'line': b'-- Installing: /home/robotics/pruebaservicio/ros2_ws/install/micro_ros_msgs/share/micro_ros_msgs/cmake/ament_cmake_export_include_directories-extras.cmake\n'}
[5.655946] (micro_ros_msgs) StdoutLine: {'line': b'-- Installing: /home/robotics/pruebaservicio/ros2_ws/install/micro_ros_msgs/share/micro_ros_msgs/cmake/ament_cmake_export_libraries-extras.cmake\n'}
[5.656026] (micro_ros_msgs) StdoutLine: {'line': b'-- Installing: /home/robotics/pruebaservicio/ros2_ws/install/micro_ros_msgs/share/micro_ros_msgs/cmake/ament_cmake_export_targets-extras.cmake\n'}
[5.656100] (micro_ros_msgs) StdoutLine: {'line': b'-- Installing: /home/robotics/pruebaservicio/ros2_ws/install/micro_ros_msgs/share/micro_ros_msgs/cmake/rosidl_cmake_export_typesupport_targets-extras.cmake\n'}
[5.656181] (micro_ros_msgs) StdoutLine: {'line': b'-- Installing: /home/robotics/pruebaservicio/ros2_ws/install/micro_ros_msgs/share/micro_ros_msgs/cmake/ament_cmake_export_dependencies-extras.cmake\n'}
[5.656268] (micro_ros_msgs) StdoutLine: {'line': b'-- Installing: /home/robotics/pruebaservicio/ros2_ws/install/micro_ros_msgs/share/micro_ros_msgs/cmake/rosidl_cmake_export_typesupport_libraries-extras.cmake\n'}
[5.656362] (micro_ros_msgs) StdoutLine: {'line': b'-- Installing: /home/robotics/pruebaservicio/ros2_ws/install/micro_ros_msgs/share/micro_ros_msgs/cmake/micro_ros_msgsConfig.cmake\n'}
[5.656449] (micro_ros_msgs) StdoutLine: {'line': b'-- Installing: /home/robotics/pruebaservicio/ros2_ws/install/micro_ros_msgs/share/micro_ros_msgs/cmake/micro_ros_msgsConfig-version.cmake\n'}
[5.656531] (micro_ros_msgs) StdoutLine: {'line': b'-- Installing: /home/robotics/pruebaservicio/ros2_ws/install/micro_ros_msgs/share/micro_ros_msgs/package.xml\n'}
[5.658230] (micro_ros_msgs) CommandEnded: {'returncode': 0}
[5.683097] (micro_ros_msgs) JobEnded: {'identifier': 'micro_ros_msgs', 'rc': 0}
[5.683759] (micro_ros_agent) JobStarted: {'identifier': 'micro_ros_agent'}
[5.687159] (-) TimerEvent: {}
[5.689598] (micro_ros_agent) JobProgress: {'identifier': 'micro_ros_agent', 'progress': 'cmake'}
[5.690750] (micro_ros_agent) JobProgress: {'identifier': 'micro_ros_agent', 'progress': 'build'}
[5.690779] (micro_ros_agent) Command: {'cmd': ['/usr/bin/cmake', '--build', '/home/robotics/pruebaservicio/ros2_ws/build/micro_ros_agent', '--', '-j8', '-l8'], 'cwd': '/home/robotics/pruebaservicio/ros2_ws/build/micro_ros_agent', 'env': OrderedDict({'LESSOPEN': '| /usr/bin/lesspipe %s', 'USER': 'robotics', 'GZ_CONFIG_PATH': '/opt/ros/jazzy/opt/sdformat_vendor/share/gz', 'XDG_SESSION_TYPE': 'wayland', 'CLUTTER_DISABLE_MIPMAPPED_TEXT': '1', 'SHLVL': '1', 'LD_LIBRARY_PATH': '/home/robotics/pruebaservicio/ros2_ws/install/micro_ros_msgs/lib:/home/robotics/pruebaservicio/ros2_ws/install/micro_ros_agent/lib:/opt/ros/jazzy/opt/sdformat_vendor/lib:/opt/ros/jazzy/opt/rviz_ogre_vendor/lib:/opt/ros/jazzy/lib/x86_64-linux-gnu:/opt/ros/jazzy/opt/gz_math_vendor/lib:/opt/ros/jazzy/opt/gz_utils_vendor/lib:/opt/ros/jazzy/opt/gz_tools_vendor/lib:/opt/ros/jazzy/opt/gz_cmake_vendor/lib:/opt/ros/jazzy/lib', 'HOME': '/home/robotics', 'OLDPWD': '/home/robotics/pruebaservicio/ros2_ws/src', 'DESKTOP_SESSION': 'ubuntu', 'ROS_PYTHON_VERSION': '3', 'GNOME_SHELL_SESSION_MODE': 'ubuntu', 'GTK_MODULES': 'gail:atk-bridge', 'SYSTEMD_EXEC_PID': '2690', 'GSM_SKIP_SSH_AGENT_WORKAROUND': 'true', 'DBUS_SESSION_BUS_ADDRESS': 'unix:path=/run/user/1000/bus', 'COLORTERM': 'truecolor', 'DEBUGINFOD_URLS': 'https://debuginfod.ubuntu.com', 'IM_CONFIG_PHASE': '1', 'WAYLAND_DISPLAY': 'wayland-0', 'COLCON_PREFIX_PATH': '/home/robotics/pruebaservicio/ros2_ws/install', 'ROS_DISTRO': 'jazzy', 'LOGNAME': 'robotics', '_': '/usr/bin/colcon', 'ROS_VERSION': '2', 'MEMORY_PRESSURE_WATCH': '/sys/fs/cgroup/user.slice/user-1000.slice/user@1000.service/session.slice/org.gnome.Shell@wayland.service/memory.pressure', 'XDG_SESSION_CLASS': 'user', 'USERNAME': 'robotics', 'TERM': 'xterm-256color', 'GNOME_DESKTOP_SESSION_ID': 'this-is-deprecated', 'PATH': '/opt/ros/jazzy/opt/gz_tools_vendor/bin:/opt/ros/jazzy/bin:/usr/local/sbin:/usr/local/bin:/usr/sbin:/usr/bin:/sbin:/bin:/usr/games:/usr/local/games:/snap/bin:/snap/bin', 'SESSION_MANAGER': 'local/stratokiller:@/tmp/.ICE-unix/2620,unix/stratokiller:/tmp/.ICE-unix/2620', 'XDG_MENU_PREFIX': 'gnome-', 'GNOME_TERMINAL_SCREEN': '/org/gnome/Terminal/screen/7a730293_0a36_4447_be06_b0fc7c948de4', 'GNOME_SETUP_DISPLAY': ':1', 'XDG_RUNTIME_DIR': '/run/user/1000', 'DISPLAY': ':0', 'LANG': 'en_US.UTF-8', 'XDG_CURRENT_DESKTOP': 'ubuntu:GNOME', 'XMODIFIERS': '@im=ibus', 'XDG_SESSION_DESKTOP': 'ubuntu', 'XAUTHORITY': '/run/user/1000/.mutter-Xwaylandauth.DR0FW3', 'LS_COLORS': 'rs=0:di=01;34:ln=01;36:mh=00:pi=40;33:so=01;35:do=01;35:bd=40;33;01:cd=40;33;01:or=40;31;01:mi=00:su=37;41:sg=30;43:ca=00:tw=30;42:ow=34;42:st=37;44:ex=01;32:*.tar=01;31:*.tgz=01;31:*.arc=01;31:*.arj=01;31:*.taz=01;31:*.lha=01;31:*.lz4=01;31:*.lzh=01;31:*.lzma=01;31:*.tlz=01;31:*.txz=01;31:*.tzo=01;31:*.t7z=01;31:*.zip=01;31:*.z=01;31:*.dz=01;31:*.gz=01;31:*.lrz=01;31:*.lz=01;31:*.lzo=01;31:*.xz=01;31:*.zst=01;31:*.tzst=01;31:*.bz2=01;31:*.bz=01;31:*.tbz=01;31:*.tbz2=01;31:*.tz=01;31:*.deb=01;31:*.rpm=01;31:*.jar=01;31:*.war=01;31:*.ear=01;31:*.sar=01;31:*.rar=01;31:*.alz=01;31:*.ace=01;31:*.zoo=01;31:*.cpio=01;31:*.7z=01;31:*.rz=01;31:*.cab=01;31:*.wim=01;31:*.swm=01;31:*.dwm=01;31:*.esd=01;31:*.avif=01;35:*.jpg=01;35:*.jpeg=01;35:*.mjpg=01;35:*.mjpeg=01;35:*.gif=01;35:*.bmp=01;35:*.pbm=01;35:*.pgm=01;35:*.ppm=01;35:*.tga=01;35:*.xbm=01;35:*.xpm=01;35:*.tif=01;35:*.tiff=01;35:*.png=01;35:*.svg=01;35:*.svgz=01;35:*.mng=01;35:*.pcx=01;35:*.mov=01;35:*.mpg=01;35:*.mpeg=01;35:*.m2v=01;35:*.mkv=01;35:*.webm=01;35:*.webp=01;35:*.ogm=01;35:*.mp4=01;35:*.m4v=01;35:*.mp4v=01;35:*.vob=01;35:*.qt=01;35:*.nuv=01;35:*.wmv=01;35:*.asf=01;35:*.rm=01;35:*.rmvb=01;35:*.flc=01;35:*.avi=01;35:*.fli=01;35:*.flv=01;35:*.gl=01;35:*.dl=01;35:*.xcf=01;35:*.xwd=01;35:*.yuv=01;35:*.cgm=01;35:*.emf=01;35:*.ogv=01;35:*.ogx=01;35:*.aac=00;36:*.au=00;36:*.flac=00;36:*.m4a=00;36:*.mid=00;36:*.midi=00;36:*.mka=00;36:*.mp3=00;36:*.mpc=00;36:*.ogg=00;36:*.ra=00;36:*.wav=00;36:*.oga=00;36:*.opus=00;36:*.spx=00;36:*.xspf=00;36:*~=00;90:*#=00;90:*.bak=00;90:*.crdownload=00;90:*.dpkg-dist=00;90:*.dpkg-new=00;90:*.dpkg-old=00;90:*.dpkg-tmp=00;90:*.old=00;90:*.orig=00;90:*.part=00;90:*.rej=00;90:*.rpmnew=00;90:*.rpmorig=00;90:*.rpmsave=00;90:*.swp=00;90:*.tmp=00;90:*.ucf-dist=00;90:*.ucf-new=00;90:*.ucf-old=00;90:', 'GNOME_TERMINAL_SERVICE': ':1.124', 'SSH_AUTH_SOCK': '/run/user/1000/keyring/ssh', 'AMENT_PREFIX_PATH': '/home/robotics/pruebaservicio/ros2_ws/install/micro_ros_msgs:/home/robotics/pruebaservicio/ros2_ws/install/micro_ros_agent:/home/robotics/pruebaservicio/ros2_ws/install/mi_primer_paquete:/opt/ros/jazzy', 'SHELL': '/bin/bash', 'QT_ACCESSIBILITY': '1', 'GDMSESSION': 'ubuntu', 'LESSCLOSE': '/usr/bin/lesspipe %s %s', 'ROS_AUTOMATIC_DISCOVERY_RANGE': 'SUBNET', 'QT_IM_MODULE': 'ibus', 'PWD': '/home/robotics/pruebaservicio/ros2_ws/build/micro_ros_agent', 'LC_ALL': 'en_US.UTF-8', 'XDG_CONFIG_DIRS': '/etc/xdg/xdg-ubuntu:/etc/xdg', 'XDG_DATA_DIRS': '/usr/share/ubuntu:/usr/share/gnome:/usr/local/share/:/usr/share/:/var/lib/snapd/desktop', 'PYTHONPATH': '/home/robotics/pruebaservicio/ros2_ws/install/micro_ros_msgs/lib/python3.12/site-packages:/home/robotics/pruebaservicio/ros2_ws/install/mi_primer_paquete/lib/python3.12/site-packages:/opt/ros/jazzy/lib/python3.12/site-packages', 'COLCON': '1', 'MEMORY_PRESSURE_WRITE': 'c29tZSAyMDAwMDAgMjAwMDAwMAA=', 'VTE_VERSION': '7600', 'CMAKE_PREFIX_PATH': '/home/robotics/pruebaservicio/ros2_ws/install/micro_ros_msgs:/home/robotics/pruebaservicio/ros2_ws/install/micro_ros_agent:/opt/ros/jazzy/opt/sdformat_vendor:/opt/ros/jazzy/opt/gz_math_vendor:/opt/ros/jazzy/opt/gz_utils_vendor:/opt/ros/jazzy/opt/gz_tools_vendor:/opt/ros/jazzy/opt/gz_cmake_vendor:/home/robotics/pruebaservicio/ros2_ws/install/mi_primer_paquete:/opt/ros/jazzy'}), 'shell': False}
[5.708293] (micro_ros_agent) StdoutLine: {'line': b'-- Found ament_cmake: 2.5.5 (/opt/ros/jazzy/share/ament_cmake/cmake)\n'}
[5.787268] (-) TimerEvent: {}
[5.887467] (-) TimerEvent: {}
[5.888821] (micro_ros_agent) StdoutLine: {'line': b'-- Found rosidl_cmake: 4.6.7 (/opt/ros/jazzy/share/rosidl_cmake/cmake)\n'}
[5.889223] (micro_ros_agent) StdoutLine: {'line': b'-- Found rosidl_adapter: 4.6.7 (/opt/ros/jazzy/share/rosidl_adapter/cmake)\n'}
[5.896744] (micro_ros_agent) StdoutLine: {'line': b'-- Found fastrtps_cmake_module: 3.6.3 (/opt/ros/jazzy/share/fastrtps_cmake_module/cmake)\n'}
[5.896944] (micro_ros_agent) StdoutLine: {'line': b'-- Found rmw_dds_common: 3.1.1 (/opt/ros/jazzy/share/rmw_dds_common/cmake)\n'}
[5.915432] (micro_ros_agent) StdoutLine: {'line': b'-- Found rosidl_generator_c: 4.6.7 (/opt/ros/jazzy/share/rosidl_generator_c/cmake)\n'}
[5.923565] (micro_ros_agent) StdoutLine: {'line': b'-- Found rosidl_generator_cpp: 4.6.7 (/opt/ros/jazzy/share/rosidl_generator_cpp/cmake)\n'}
[5.929584] (micro_ros_agent) StdoutLine: {'line': b'-- Using all available rosidl_typesupport_c: rosidl_typesupport_fastrtps_c;rosidl_typesupport_introspection_c\n'}
[5.941262] (micro_ros_agent) StdoutLine: {'line': b'-- Using all available rosidl_typesupport_cpp: rosidl_typesupport_fastrtps_cpp;rosidl_typesupport_introspection_cpp\n'}
[5.955116] (micro_ros_agent) StdoutLine: {'line': b'-- Found rmw_fastrtps_shared_cpp: 8.4.3 (/opt/ros/jazzy/share/rmw_fastrtps_shared_cpp/cmake)\n'}
[5.977361] (micro_ros_agent) StdoutLine: {'line': b'-- Found ament_lint_auto: 0.17.4 (/opt/ros/jazzy/share/ament_lint_auto/cmake)\n'}
[5.978328] (micro_ros_agent) StdoutLine: {'line': b'-- Found ament_cmake_gtest: 2.5.5 (/opt/ros/jazzy/share/ament_cmake_gtest/cmake)\n'}
[5.978990] (micro_ros_agent) StdoutLine: {'line': b'-- Found micro_ros_msgs: 5.0.2 (/home/robotics/pruebaservicio/ros2_ws/install/micro_ros_msgs/share/micro_ros_msgs/cmake)\n'}
[5.987531] (-) TimerEvent: {}
[6.087718] (-) TimerEvent: {}
[6.284200] (micro_ros_agent) StdoutLine: {'line': b'-- Configuring done (0.6s)\n'}
[6.284858] (-) TimerEvent: {}
[6.310526] (micro_ros_agent) StdoutLine: {'line': b'-- Generating done (0.0s)\n'}
[6.315925] (micro_ros_agent) StdoutLine: {'line': b'-- Build files have been written to: /home/robotics/pruebaservicio/ros2_ws/build/micro_ros_agent\n'}
[6.348652] (micro_ros_agent) StdoutLine: {'line': b'[ 66%] \x1b[32mBuilding CXX object CMakeFiles/micro_ros_agent.dir/src/agent/Agent.cpp.o\x1b[0m\n'}
[6.348798] (micro_ros_agent) StdoutLine: {'line': b'[ 66%] \x1b[32mBuilding CXX object CMakeFiles/micro_ros_agent.dir/src/agent/graph_manager/graph_manager.cpp.o\x1b[0m\n'}
[6.348872] (micro_ros_agent) StdoutLine: {'line': b'[ 83%] \x1b[32mBuilding CXX object CMakeFiles/micro_ros_agent.dir/src/agent/utils/demangle.cpp.o\x1b[0m\n'}
[6.348942] (micro_ros_agent) StdoutLine: {'line': b'[ 66%] \x1b[32mBuilding CXX object CMakeFiles/micro_ros_agent.dir/src/main.cpp.o\x1b[0m\n'}
[6.349010] (micro_ros_agent) StdoutLine: {'line': b'[ 66%] \x1b[32mBuilding CXX object CMakeFiles/micro_ros_agent.dir/src/agent/graph_manager/graph_typesupport.cpp.o\x1b[0m\n'}
[6.385424] (-) TimerEvent: {}
[6.485626] (-) TimerEvent: {}
[6.587071] (-) TimerEvent: {}
[6.687297] (-) TimerEvent: {}
[6.787528] (-) TimerEvent: {}
[6.888427] (-) TimerEvent: {}
[6.988656] (-) TimerEvent: {}
[7.093701] (-) TimerEvent: {}
[7.193908] (-) TimerEvent: {}
[7.294127] (-) TimerEvent: {}
[7.394360] (-) TimerEvent: {}
[7.495423] (-) TimerEvent: {}
[7.595634] (-) TimerEvent: {}
[7.695995] (-) TimerEvent: {}
[7.796911] (-) TimerEvent: {}
[7.968687] (-) TimerEvent: {}
[8.070160] (-) TimerEvent: {}
[8.176864] (-) TimerEvent: {}
[8.277148] (-) TimerEvent: {}
[8.417862] (-) TimerEvent: {}
[8.518130] (-) TimerEvent: {}
[8.618351] (-) TimerEvent: {}
[8.718558] (-) TimerEvent: {}
[8.818844] (-) TimerEvent: {}
[8.919133] (-) TimerEvent: {}
[9.019423] (-) TimerEvent: {}
[9.119611] (-) TimerEvent: {}
[9.219799] (-) TimerEvent: {}
[9.320011] (-) TimerEvent: {}
[9.420226] (-) TimerEvent: {}
[9.520559] (-) TimerEvent: {}
[9.620886] (-) TimerEvent: {}
[9.721167] (-) TimerEvent: {}
[9.821527] (-) TimerEvent: {}
[9.921902] (-) TimerEvent: {}
[10.022242] (-) TimerEvent: {}
[10.122581] (-) TimerEvent: {}
[10.222848] (-) TimerEvent: {}
[10.279278] (micro_ros_agent) StdoutLine: {'line': b'[100%] \x1b[32m\x1b[1mLinking CXX executable micro_ros_agent\x1b[0m\n'}
[10.322934] (-) TimerEvent: {}
[10.423173] (-) TimerEvent: {}
[10.523425] (-) TimerEvent: {}
[10.580763] (micro_ros_agent) StdoutLine: {'line': b'[100%] Built target micro_ros_agent\n'}
[10.589285] (micro_ros_agent) CommandEnded: {'returncode': 0}
[10.589757] (micro_ros_agent) JobProgress: {'identifier': 'micro_ros_agent', 'progress': 'install'}
[10.590117] (micro_ros_agent) Command: {'cmd': ['/usr/bin/cmake', '--install', '/home/robotics/pruebaservicio/ros2_ws/build/micro_ros_agent'], 'cwd': '/home/robotics/pruebaservicio/ros2_ws/build/micro_ros_agent', 'env': OrderedDict({'LESSOPEN': '| /usr/bin/lesspipe %s', 'USER': 'robotics', 'GZ_CONFIG_PATH': '/opt/ros/jazzy/opt/sdformat_vendor/share/gz', 'XDG_SESSION_TYPE': 'wayland', 'CLUTTER_DISABLE_MIPMAPPED_TEXT': '1', 'SHLVL': '1', 'LD_LIBRARY_PATH': '/home/robotics/pruebaservicio/ros2_ws/install/micro_ros_msgs/lib:/home/robotics/pruebaservicio/ros2_ws/install/micro_ros_agent/lib:/opt/ros/jazzy/opt/sdformat_vendor/lib:/opt/ros/jazzy/opt/rviz_ogre_vendor/lib:/opt/ros/jazzy/lib/x86_64-linux-gnu:/opt/ros/jazzy/opt/gz_math_vendor/lib:/opt/ros/jazzy/opt/gz_utils_vendor/lib:/opt/ros/jazzy/opt/gz_tools_vendor/lib:/opt/ros/jazzy/opt/gz_cmake_vendor/lib:/opt/ros/jazzy/lib', 'HOME': '/home/robotics', 'OLDPWD': '/home/robotics/pruebaservicio/ros2_ws/src', 'DESKTOP_SESSION': 'ubuntu', 'ROS_PYTHON_VERSION': '3', 'GNOME_SHELL_SESSION_MODE': 'ubuntu', 'GTK_MODULES': 'gail:atk-bridge', 'SYSTEMD_EXEC_PID': '2690', 'GSM_SKIP_SSH_AGENT_WORKAROUND': 'true', 'DBUS_SESSION_BUS_ADDRESS': 'unix:path=/run/user/1000/bus', 'COLORTERM': 'truecolor', 'DEBUGINFOD_URLS': 'https://debuginfod.ubuntu.com', 'IM_CONFIG_PHASE': '1', 'WAYLAND_DISPLAY': 'wayland-0', 'COLCON_PREFIX_PATH': '/home/robotics/pruebaservicio/ros2_ws/install', 'ROS_DISTRO': 'jazzy', 'LOGNAME': 'robotics', '_': '/usr/bin/colcon', 'ROS_VERSION': '2', 'MEMORY_PRESSURE_WATCH': '/sys/fs/cgroup/user.slice/user-1000.slice/user@1000.service/session.slice/org.gnome.Shell@wayland.service/memory.pressure', 'XDG_SESSION_CLASS': 'user', 'USERNAME': 'robotics', 'TERM': 'xterm-256color', 'GNOME_DESKTOP_SESSION_ID': 'this-is-deprecated', 'PATH': '/opt/ros/jazzy/opt/gz_tools_vendor/bin:/opt/ros/jazzy/bin:/usr/local/sbin:/usr/local/bin:/usr/sbin:/usr/bin:/sbin:/bin:/usr/games:/usr/local/games:/snap/bin:/snap/bin', 'SESSION_MANAGER': 'local/stratokiller:@/tmp/.ICE-unix/2620,unix/stratokiller:/tmp/.ICE-unix/2620', 'XDG_MENU_PREFIX': 'gnome-', 'GNOME_TERMINAL_SCREEN': '/org/gnome/Terminal/screen/7a730293_0a36_4447_be06_b0fc7c948de4', 'GNOME_SETUP_DISPLAY': ':1', 'XDG_RUNTIME_DIR': '/run/user/1000', 'DISPLAY': ':0', 'LANG': 'en_US.UTF-8', 'XDG_CURRENT_DESKTOP': 'ubuntu:GNOME', 'XMODIFIERS': '@im=ibus', 'XDG_SESSION_DESKTOP': 'ubuntu', 'XAUTHORITY': '/run/user/1000/.mutter-Xwaylandauth.DR0FW3', 'LS_COLORS': 'rs=0:di=01;34:ln=01;36:mh=00:pi=40;33:so=01;35:do=01;35:bd=40;33;01:cd=40;33;01:or=40;31;01:mi=00:su=37;41:sg=30;43:ca=00:tw=30;42:ow=34;42:st=37;44:ex=01;32:*.tar=01;31:*.tgz=01;31:*.arc=01;31:*.arj=01;31:*.taz=01;31:*.lha=01;31:*.lz4=01;31:*.lzh=01;31:*.lzma=01;31:*.tlz=01;31:*.txz=01;31:*.tzo=01;31:*.t7z=01;31:*.zip=01;31:*.z=01;31:*.dz=01;31:*.gz=01;31:*.lrz=01;31:*.lz=01;31:*.lzo=01;31:*.xz=01;31:*.zst=01;31:*.tzst=01;31:*.bz2=01;31:*.bz=01;31:*.tbz=01;31:*.tbz2=01;31:*.tz=01;31:*.deb=01;31:*.rpm=01;31:*.jar=01;31:*.war=01;31:*.ear=01;31:*.sar=01;31:*.rar=01;31:*.alz=01;31:*.ace=01;31:*.zoo=01;31:*.cpio=01;31:*.7z=01;31:*.rz=01;31:*.cab=01;31:*.wim=01;31:*.swm=01;31:*.dwm=01;31:*.esd=01;31:*.avif=01;35:*.jpg=01;35:*.jpeg=01;35:*.mjpg=01;35:*.mjpeg=01;35:*.gif=01;35:*.bmp=01;35:*.pbm=01;35:*.pgm=01;35:*.ppm=01;35:*.tga=01;35:*.xbm=01;35:*.xpm=01;35:*.tif=01;35:*.tiff=01;35:*.png=01;35:*.svg=01;35:*.svgz=01;35:*.mng=01;35:*.pcx=01;35:*.mov=01;35:*.mpg=01;35:*.mpeg=01;35:*.m2v=01;35:*.mkv=01;35:*.webm=01;35:*.webp=01;35:*.ogm=01;35:*.mp4=01;35:*.m4v=01;35:*.mp4v=01;35:*.vob=01;35:*.qt=01;35:*.nuv=01;35:*.wmv=01;35:*.asf=01;35:*.rm=01;35:*.rmvb=01;35:*.flc=01;35:*.avi=01;35:*.fli=01;35:*.flv=01;35:*.gl=01;35:*.dl=01;35:*.xcf=01;35:*.xwd=01;35:*.yuv=01;35:*.cgm=01;35:*.emf=01;35:*.ogv=01;35:*.ogx=01;35:*.aac=00;36:*.au=00;36:*.flac=00;36:*.m4a=00;36:*.mid=00;36:*.midi=00;36:*.mka=00;36:*.mp3=00;36:*.mpc=00;36:*.ogg=00;36:*.ra=00;36:*.wav=00;36:*.oga=00;36:*.opus=00;36:*.spx=00;36:*.xspf=00;36:*~=00;90:*#=00;90:*.bak=00;90:*.crdownload=00;90:*.dpkg-dist=00;90:*.dpkg-new=00;90:*.dpkg-old=00;90:*.dpkg-tmp=00;90:*.old=00;90:*.orig=00;90:*.part=00;90:*.rej=00;90:*.rpmnew=00;90:*.rpmorig=00;90:*.rpmsave=00;90:*.swp=00;90:*.tmp=00;90:*.ucf-dist=00;90:*.ucf-new=00;90:*.ucf-old=00;90:', 'GNOME_TERMINAL_SERVICE': ':1.124', 'SSH_AUTH_SOCK': '/run/user/1000/keyring/ssh', 'AMENT_PREFIX_PATH': '/home/robotics/pruebaservicio/ros2_ws/install/micro_ros_msgs:/home/robotics/pruebaservicio/ros2_ws/install/micro_ros_agent:/home/robotics/pruebaservicio/ros2_ws/install/mi_primer_paquete:/opt/ros/jazzy', 'SHELL': '/bin/bash', 'QT_ACCESSIBILITY': '1', 'GDMSESSION': 'ubuntu', 'LESSCLOSE': '/usr/bin/lesspipe %s %s', 'ROS_AUTOMATIC_DISCOVERY_RANGE': 'SUBNET', 'QT_IM_MODULE': 'ibus', 'PWD': '/home/robotics/pruebaservicio/ros2_ws/build/micro_ros_agent', 'LC_ALL': 'en_US.UTF-8', 'XDG_CONFIG_DIRS': '/etc/xdg/xdg-ubuntu:/etc/xdg', 'XDG_DATA_DIRS': '/usr/share/ubuntu:/usr/share/gnome:/usr/local/share/:/usr/share/:/var/lib/snapd/desktop', 'PYTHONPATH': '/home/robotics/pruebaservicio/ros2_ws/install/micro_ros_msgs/lib/python3.12/site-packages:/home/robotics/pruebaservicio/ros2_ws/install/mi_primer_paquete/lib/python3.12/site-packages:/opt/ros/jazzy/lib/python3.12/site-packages', 'COLCON': '1', 'MEMORY_PRESSURE_WRITE': 'c29tZSAyMDAwMDAgMjAwMDAwMAA=', 'VTE_VERSION': '7600', 'CMAKE_PREFIX_PATH': '/home/robotics/pruebaservicio/ros2_ws/install/micro_ros_msgs:/home/robotics/pruebaservicio/ros2_ws/install/micro_ros_agent:/opt/ros/jazzy/opt/sdformat_vendor:/opt/ros/jazzy/opt/gz_math_vendor:/opt/ros/jazzy/opt/gz_utils_vendor:/opt/ros/jazzy/opt/gz_tools_vendor:/opt/ros/jazzy/opt/gz_cmake_vendor:/home/robotics/pruebaservicio/ros2_ws/install/mi_primer_paquete:/opt/ros/jazzy'}), 'shell': False}
[10.595775] (micro_ros_agent) StdoutLine: {'line': b'-- Install configuration: ""\n'}
[10.595956] (micro_ros_agent) StdoutLine: {'line': b'-- Installing: /home/robotics/pruebaservicio/ros2_ws/install/micro_ros_agent/share/ament_index/resource_index/package_run_dependencies/micro_ros_agent\n'}
[10.596070] (micro_ros_agent) StdoutLine: {'line': b'-- Installing: /home/robotics/pruebaservicio/ros2_ws/install/micro_ros_agent/share/ament_index/resource_index/parent_prefix_path/micro_ros_agent\n'}
[10.596155] (micro_ros_agent) StdoutLine: {'line': b'-- Installing: /home/robotics/pruebaservicio/ros2_ws/install/micro_ros_agent/share/micro_ros_agent/environment/ament_prefix_path.sh\n'}
[10.596235] (micro_ros_agent) StdoutLine: {'line': b'-- Installing: /home/robotics/pruebaservicio/ros2_ws/install/micro_ros_agent/share/micro_ros_agent/environment/ament_prefix_path.dsv\n'}
[10.596354] (micro_ros_agent) StdoutLine: {'line': b'-- Installing: /home/robotics/pruebaservicio/ros2_ws/install/micro_ros_agent/share/micro_ros_agent/environment/path.sh\n'}
[10.596480] (micro_ros_agent) StdoutLine: {'line': b'-- Installing: /home/robotics/pruebaservicio/ros2_ws/install/micro_ros_agent/share/micro_ros_agent/environment/path.dsv\n'}
[10.596632] (micro_ros_agent) StdoutLine: {'line': b'-- Installing: /home/robotics/pruebaservicio/ros2_ws/install/micro_ros_agent/share/micro_ros_agent/local_setup.bash\n'}
[10.596761] (micro_ros_agent) StdoutLine: {'line': b'-- Installing: /home/robotics/pruebaservicio/ros2_ws/install/micro_ros_agent/share/micro_ros_agent/local_setup.sh\n'}
[10.596856] (micro_ros_agent) StdoutLine: {'line': b'-- Installing: /home/robotics/pruebaservicio/ros2_ws/install/micro_ros_agent/share/micro_ros_agent/local_setup.zsh\n'}
[10.596932] (micro_ros_agent) StdoutLine: {'line': b'-- Installing: /home/robotics/pruebaservicio/ros2_ws/install/micro_ros_agent/share/micro_ros_agent/local_setup.dsv\n'}
[10.597004] (micro_ros_agent) StdoutLine: {'line': b'-- Installing: /home/robotics/pruebaservicio/ros2_ws/install/micro_ros_agent/share/micro_ros_agent/package.dsv\n'}
[10.597144] (micro_ros_agent) StdoutLine: {'line': b'-- Installing: /home/robotics/pruebaservicio/ros2_ws/install/micro_ros_agent/share/ament_index/resource_index/packages/micro_ros_agent\n'}
[10.597249] (micro_ros_agent) StdoutLine: {'line': b'-- Installing: /home/robotics/pruebaservicio/ros2_ws/install/micro_ros_agent/share/micro_ros_agent/cmake/ament_cmake_export_dependencies-extras.cmake\n'}
[10.597345] (micro_ros_agent) StdoutLine: {'line': b'-- Installing: /home/robotics/pruebaservicio/ros2_ws/install/micro_ros_agent/share/micro_ros_agent/cmake/micro_ros_agentConfig.cmake\n'}
[10.597476] (micro_ros_agent) StdoutLine: {'line': b'-- Installing: /home/robotics/pruebaservicio/ros2_ws/install/micro_ros_agent/share/micro_ros_agent/cmake/micro_ros_agentConfig-version.cmake\n'}
[10.597569] (micro_ros_agent) StdoutLine: {'line': b'-- Installing: /home/robotics/pruebaservicio/ros2_ws/install/micro_ros_agent/share/micro_ros_agent/package.xml\n'}
[10.597735] (micro_ros_agent) StdoutLine: {'line': b'-- Installing: /home/robotics/pruebaservicio/ros2_ws/install/micro_ros_agent/lib/micro_ros_agent/micro_ros_agent\n'}
[10.598768] (micro_ros_agent) StdoutLine: {'line': b'-- Set non-toolchain portion of runtime path of "/home/robotics/pruebaservicio/ros2_ws/install/micro_ros_agent/lib/micro_ros_agent/micro_ros_agent" to ""\n'}
[10.598898] (micro_ros_agent) StdoutLine: {'line': b'-- Installing: /home/robotics/pruebaservicio/ros2_ws/install/micro_ros_agent/share/micro_ros_agent/launch\n'}
[10.598968] (micro_ros_agent) StdoutLine: {'line': b'-- Installing: /home/robotics/pruebaservicio/ros2_ws/install/micro_ros_agent/share/micro_ros_agent/launch/micro_ros_agent_launch.py\n'}
[10.600350] (micro_ros_agent) CommandEnded: {'returncode': 0}
[10.610307] (micro_ros_agent) JobEnded: {'identifier': 'micro_ros_agent', 'rc': 0}
[10.610928] (-) EventReactorShutdown: {}
